Timestamp,Temperature,Humidity,LightIntensity
2021/12/21 0:00:17,9.74,100.00,0.19
2021/12/21 0:00:49,9.75,100.00,0.19
2021/12/21 0:01:21,9.77,100.00,0.19
2021/12/21 0:01:53,9.77,100.00,0.19
2021/12/21 0:02:25,9.78,100.00,0.19
2021/12/21 0:02:57,9.78,100.00,0.19
2021/12/21 0:03:30,9.81,100.00,0.19
2021/12/21 0:04:02,9.78,100.00,0.19
2021/12/21 0:04:34,9.77,100.00,0.19
2021/12/21 0:05:06,9.78,100.00,0.19
2021/12/21 0:05:38,9.75,100.00,0.19
2021/12/21 0:06:10,9.75,100.00,0.19
2021/12/21 0:06:43,9.72,100.00,0.19
2021/12/21 0:07:15,9.74,100.00,0.19
2021/12/21 0:07:47,9.75,100.00,0.19
2021/12/21 0:08:19,9.78,100.00,0.19
2021/12/21 0:08:51,9.79,100.00,0.19
2021/12/21 0:09:23,9.79,100.00,0.19
2021/12/21 0:09:56,9.77,100.00,0.19
2021/12/21 0:10:28,9.82,100.00,0.19
2021/12/21 0:11:00,9.82,100.00,0.19
2021/12/21 0:11:32,9.81,100.00,0.19
2021/12/21 0:12:04,9.81,100.00,0.19
2021/12/21 0:12:36,9.82,100.00,0.19
2021/12/21 0:13:09,9.85,100.00,0.19
2021/12/21 0:13:41,9.86,100.00,0.19
2021/12/21 0:14:13,9.86,100.00,0.19
2021/12/21 0:14:45,9.88,100.00,0.19
2021/12/21 0:15:17,9.86,100.00,0.19
2021/12/21 0:15:49,9.84,100.00,0.19
2021/12/21 0:16:22,9.85,100.00,0.19
2021/12/21 0:16:54,9.84,100.00,0.19
2021/12/21 0:17:26,9.82,100.00,0.19
2021/12/21 0:17:58,9.85,100.00,0.19
2021/12/21 0:18:30,9.86,100.00,0.19
2021/12/21 0:19:02,9.89,100.00,0.19
2021/12/21 0:19:35,9.89,100.00,0.19
2021/12/21 0:20:07,9.88,100.00,0.19
2021/12/21 0:20:39,9.88,100.00,0.19
2021/12/21 0:21:11,9.84,100.00,0.19
2021/12/21 0:21:43,9.84,100.00,0.19
2021/12/21 0:22:15,9.82,100.00,0.19
2021/12/21 0:22:48,9.82,100.00,0.19
2021/12/21 0:23:20,9.81,100.00,0.25
2021/12/21 0:23:52,9.82,100.00,0.25
2021/12/21 0:24:24,9.82,100.00,0.25
2021/12/21 0:24:56,9.85,100.00,0.25
2021/12/21 0:25:29,9.84,100.00,0.25
2021/12/21 0:26:01,9.79,100.00,0.25
2021/12/21 0:26:33,9.79,99.96,0.25
2021/12/21 0:27:05,9.75,99.90,0.25
2021/12/21 0:27:37,9.74,99.78,0.25
2021/12/21 0:28:09,9.75,99.78,0.25
2021/12/21 0:28:42,9.74,99.77,0.25
2021/12/21 0:29:14,9.75,99.78,0.25
2021/12/21 0:29:46,9.74,99.73,0.25
2021/12/21 0:30:18,9.69,99.70,0.25
2021/12/21 0:30:50,9.69,99.66,0.25
2021/12/21 0:31:22,9.71,99.64,0.25
2021/12/21 0:31:55,9.68,99.63,0.25
2021/12/21 0:32:27,9.68,99.61,0.25
2021/12/21 0:32:59,9.68,99.54,0.25
2021/12/21 0:33:31,9.66,99.49,0.25
2021/12/21 0:34:03,9.65,99.49,0.25
2021/12/21 0:34:35,9.63,99.50,0.25
2021/12/21 0:35:08,9.62,99.50,0.25
2021/12/21 0:35:40,9.63,99.60,0.25
2021/12/21 0:36:12,9.65,99.64,0.25
2021/12/21 0:36:44,9.62,99.65,0.25
2021/12/21 0:37:16,9.62,99.71,0.25
2021/12/21 0:37:48,9.63,99.78,0.25
2021/12/21 0:38:21,9.62,99.85,0.25
2021/12/21 0:38:53,9.62,99.84,0.25
2021/12/21 0:39:25,9.62,99.84,0.25
2021/12/21 0:39:57,9.59,99.87,0.25
2021/12/21 0:40:29,9.61,99.85,0.25
2021/12/21 0:41:01,9.59,99.95,0.25
2021/12/21 0:41:34,9.61,100.00,0.25
2021/12/21 0:42:06,9.65,100.00,0.25
2021/12/21 0:42:38,9.65,100.00,0.25
2021/12/21 0:43:10,9.66,100.00,0.25
2021/12/21 0:43:42,9.66,100.00,0.25
2021/12/21 0:44:14,9.65,100.00,0.25
2021/12/21 0:44:47,9.66,100.00,0.25
2021/12/21 0:45:19,9.65,100.00,0.25
2021/12/21 0:45:51,9.65,100.00,0.25
2021/12/21 0:46:23,9.61,100.00,0.25
2021/12/21 0:46:55,9.62,100.00,0.25
2021/12/21 0:47:27,9.65,100.00,0.25
2021/12/21 0:48:00,9.65,100.00,0.25
2021/12/21 0:48:32,9.63,100.00,0.25
2021/12/21 0:49:04,9.63,100.00,0.25
2021/12/21 0:49:36,9.62,100.00,0.25
2021/12/21 0:50:08,9.63,100.00,0.25
2021/12/21 0:50:40,9.62,100.00,0.25
2021/12/21 0:51:13,9.62,100.00,0.25
2021/12/21 0:51:45,9.61,100.00,0.25
2021/12/21 0:52:17,9.59,100.00,0.25
2021/12/21 0:52:49,9.61,100.00,0.25
2021/12/21 0:53:21,9.58,100.00,0.25
2021/12/21 0:53:53,9.62,100.00,0.25
2021/12/21 0:54:26,9.59,100.00,0.25
2021/12/21 0:54:58,9.58,100.00,0.25
2021/12/21 0:55:30,9.58,100.00,0.25
2021/12/21 0:56:02,9.57,100.00,0.25
2021/12/21 0:56:34,9.57,100.00,0.25
2021/12/21 0:57:06,9.54,100.00,0.25
2021/12/21 0:57:39,9.54,100.00,0.25
2021/12/21 0:58:11,9.52,100.00,0.25
2021/12/21 0:58:43,9.51,100.00,0.25
2021/12/21 0:59:15,9.49,100.00,0.25
2021/12/21 0:59:47,9.49,100.00,0.25
2021/12/21 1:00:19,9.48,100.00,0.25
2021/12/21 1:00:52,9.45,100.00,0.25
2021/12/21 1:01:24,9.48,100.00,0.25
2021/12/21 1:01:56,9.47,100.00,0.25
2021/12/21 1:02:28,9.42,100.00,0.25
2021/12/21 1:03:00,9.44,100.00,0.25
2021/12/21 1:03:33,9.42,100.00,0.25
2021/12/21 1:04:05,9.41,100.00,0.25
2021/12/21 1:04:37,9.41,100.00,0.25
2021/12/21 1:05:09,9.42,100.00,0.25
2021/12/21 1:05:41,9.41,100.00,0.25
2021/12/21 1:06:13,9.44,100.00,0.25
2021/12/21 1:06:46,9.48,100.00,0.25
2021/12/21 1:07:18,9.51,100.00,0.25
2021/12/21 1:07:50,9.49,100.00,0.25
2021/12/21 1:08:22,9.47,100.00,0.25
2021/12/21 1:08:54,9.47,100.00,0.25
2021/12/21 1:09:26,9.47,100.00,0.25
2021/12/21 1:09:58,9.45,100.00,0.25
2021/12/21 1:10:31,9.47,100.00,0.25
2021/12/21 1:11:03,9.42,100.00,0.25
2021/12/21 1:11:35,9.45,100.00,0.25
2021/12/21 1:12:07,9.45,100.00,0.25
2021/12/21 1:12:39,9.42,100.00,0.25
2021/12/21 1:13:11,9.45,100.00,0.25
2021/12/21 1:13:44,9.44,100.00,0.25
2021/12/21 1:14:16,9.42,100.00,0.25
2021/12/21 1:14:48,9.42,100.00,0.25
2021/12/21 1:15:20,9.44,100.00,0.25
2021/12/21 1:15:52,9.44,100.00,0.25
2021/12/21 1:16:24,9.42,100.00,0.25
2021/12/21 1:16:57,9.42,100.00,0.25
2021/12/21 1:17:29,9.41,100.00,0.25
2021/12/21 1:18:01,9.39,100.00,0.25
2021/12/21 1:18:33,9.41,100.00,0.25
2021/12/21 1:19:05,9.39,100.00,0.25
2021/12/21 1:19:37,9.37,100.00,0.25
2021/12/21 1:20:10,9.39,100.00,0.25
2021/12/21 1:20:42,9.38,100.00,0.25
2021/12/21 1:21:14,9.38,100.00,0.25
2021/12/21 1:21:46,9.41,100.00,0.25
2021/12/21 1:22:18,9.38,100.00,0.25
2021/12/21 1:22:50,9.39,100.00,0.25
2021/12/21 1:23:23,9.38,100.00,0.25
2021/12/21 1:23:55,9.39,100.00,0.25
2021/12/21 1:24:27,9.38,100.00,0.25
2021/12/21 1:24:59,9.38,100.00,0.25
2021/12/21 1:25:31,9.35,100.00,0.25
2021/12/21 1:26:03,9.33,100.00,0.25
2021/12/21 1:26:36,9.33,100.00,0.25
2021/12/21 1:27:08,9.31,100.00,0.25
2021/12/21 1:27:40,9.31,100.00,0.25
2021/12/21 1:28:12,9.33,100.00,0.25
2021/12/21 1:28:44,9.34,100.00,0.25
2021/12/21 1:29:16,9.39,100.00,0.25
2021/12/21 1:29:49,9.39,100.00,0.25
2021/12/21 1:30:21,9.42,100.00,0.25
2021/12/21 1:30:53,9.42,100.00,0.25
2021/12/21 1:31:25,9.45,100.00,0.25
2021/12/21 1:31:57,9.45,100.00,0.25
2021/12/21 1:32:29,9.47,100.00,0.25
2021/12/21 1:33:02,9.45,100.00,0.25
2021/12/21 1:33:34,9.44,100.00,0.25
2021/12/21 1:34:06,9.42,100.00,0.25
2021/12/21 1:34:38,9.42,100.00,0.25
2021/12/21 1:35:10,9.44,100.00,0.25
2021/12/21 1:35:42,9.44,100.00,0.25
2021/12/21 1:36:15,9.45,100.00,0.25
2021/12/21 1:36:47,9.44,100.00,0.25
2021/12/21 1:37:19,9.42,100.00,0.25
2021/12/21 1:37:51,9.41,100.00,0.25
2021/12/21 1:38:23,9.44,100.00,0.25
2021/12/21 1:38:55,9.47,100.00,0.25
2021/12/21 1:39:28,9.48,100.00,0.25
2021/12/21 1:40:00,9.48,100.00,0.25
2021/12/21 1:40:32,9.49,100.00,0.25
2021/12/21 1:41:04,9.49,100.00,0.25
2021/12/21 1:41:36,9.49,100.00,0.25
2021/12/21 1:42:08,9.48,100.00,0.25
2021/12/21 1:42:41,9.49,100.00,0.25
2021/12/21 1:43:13,9.45,100.00,0.25
2021/12/21 1:43:45,9.44,100.00,0.25
2021/12/21 1:44:17,9.47,100.00,0.25
2021/12/21 1:44:49,9.42,100.00,0.25
2021/12/21 1:45:21,9.41,100.00,0.25
2021/12/21 1:45:54,9.41,100.00,0.25
2021/12/21 1:46:26,9.41,100.00,0.25
2021/12/21 1:46:58,9.38,100.00,0.25
2021/12/21 1:47:30,9.39,100.00,0.25
2021/12/21 1:48:02,9.39,100.00,0.25
2021/12/21 1:48:34,9.41,100.00,0.25
2021/12/21 1:49:07,9.39,100.00,0.25
2021/12/21 1:49:39,9.38,100.00,0.25
2021/12/21 1:50:11,9.41,100.00,0.25
2021/12/21 1:50:43,9.37,100.00,0.25
2021/12/21 1:51:15,9.37,100.00,0.25
2021/12/21 1:51:47,9.34,100.00,0.25
2021/12/21 1:52:20,9.34,100.00,0.25
2021/12/21 1:52:52,9.35,100.00,0.25
2021/12/21 1:53:24,9.34,100.00,0.25
2021/12/21 1:53:56,9.33,100.00,0.25
2021/12/21 1:54:28,9.35,100.00,0.25
2021/12/21 1:55:00,9.35,100.00,0.25
2021/12/21 1:55:33,9.34,100.00,0.25
2021/12/21 1:56:05,9.31,100.00,0.25
2021/12/21 1:56:37,9.28,100.00,0.25
2021/12/21 1:57:09,9.27,100.00,0.25
2021/12/21 1:57:41,9.24,100.00,0.25
2021/12/21 1:58:13,9.26,100.00,0.25
2021/12/21 1:58:46,9.23,100.00,0.25
2021/12/21 1:59:18,9.24,100.00,0.25
2021/12/21 1:59:50,9.24,100.00,0.25
2021/12/21 2:00:22,9.28,100.00,0.25
2021/12/21 2:00:54,9.30,100.00,0.25
2021/12/21 2:01:26,9.30,100.00,0.25
2021/12/21 2:01:59,9.31,100.00,0.25
2021/12/21 2:02:31,9.33,100.00,0.25
2021/12/21 2:03:03,9.37,100.00,0.25
2021/12/21 2:03:35,9.35,100.00,0.25
2021/12/21 2:04:07,9.37,100.00,0.25
2021/12/21 2:04:39,9.41,100.00,0.25
2021/12/21 2:05:12,9.41,100.00,0.25
2021/12/21 2:05:44,9.41,100.00,0.25
2021/12/21 2:06:16,9.41,100.00,0.25
2021/12/21 2:06:48,9.41,100.00,0.25
2021/12/21 2:07:20,9.39,100.00,0.25
2021/12/21 2:07:52,9.38,100.00,0.25
2021/12/21 2:08:25,9.41,100.00,0.25
2021/12/21 2:08:57,9.39,100.00,0.25
2021/12/21 2:09:29,9.38,100.00,0.25
2021/12/21 2:10:01,9.37,100.00,0.25
2021/12/21 2:10:33,9.35,100.00,0.25
2021/12/21 2:11:05,9.34,100.00,0.25
2021/12/21 2:11:38,9.31,100.00,0.25
2021/12/21 2:12:10,9.31,100.00,0.25
2021/12/21 2:12:42,9.28,100.00,0.25
2021/12/21 2:13:14,9.30,100.00,0.25
2021/12/21 2:13:46,9.30,100.00,0.25
2021/12/21 2:14:18,9.31,100.00,0.25
2021/12/21 2:14:51,9.34,100.00,0.25
2021/12/21 2:15:23,9.33,100.00,0.25
2021/12/21 2:15:55,9.34,100.00,0.25
2021/12/21 2:16:27,9.38,100.00,0.25
2021/12/21 2:16:59,9.34,100.00,0.25
2021/12/21 2:17:31,9.30,100.00,0.25
2021/12/21 2:18:04,9.26,100.00,0.25
2021/12/21 2:18:36,9.24,100.00,0.25
2021/12/21 2:19:08,9.23,100.00,0.25
2021/12/21 2:19:40,9.23,100.00,0.25
2021/12/21 2:20:12,9.18,100.00,0.25
2021/12/21 2:20:44,9.20,100.00,0.25
2021/12/21 2:21:17,9.21,100.00,0.25
2021/12/21 2:21:49,9.23,100.00,0.25
2021/12/21 2:22:21,9.21,100.00,0.25
2021/12/21 2:22:53,9.26,100.00,0.25
2021/12/21 2:23:25,9.26,100.00,0.25
2021/12/21 2:23:57,9.28,100.00,0.25
2021/12/21 2:24:30,9.26,100.00,0.25
2021/12/21 2:25:02,9.27,100.00,0.25
2021/12/21 2:25:34,9.26,100.00,0.25
2021/12/21 2:26:06,9.24,100.00,0.25
2021/12/21 2:26:38,9.24,100.00,0.25
2021/12/21 2:27:10,9.23,100.00,0.25
2021/12/21 2:27:43,9.23,100.00,0.25
2021/12/21 2:28:15,9.21,100.00,0.25
2021/12/21 2:28:47,9.20,100.00,0.25
2021/12/21 2:29:19,9.18,100.00,0.25
2021/12/21 2:29:51,9.18,100.00,0.25
2021/12/21 2:30:23,9.20,100.00,0.25
2021/12/21 2:30:56,9.21,100.00,0.25
2021/12/21 2:31:28,9.24,100.00,0.25
2021/12/21 2:32:00,9.27,100.00,0.25
2021/12/21 2:32:32,9.24,100.00,0.25
2021/12/21 2:33:04,9.27,100.00,0.25
2021/12/21 2:33:36,9.28,100.00,0.25
2021/12/21 2:34:09,9.27,100.00,0.25
2021/12/21 2:34:41,9.26,100.00,0.25
2021/12/21 2:35:13,9.27,100.00,0.25
2021/12/21 2:35:45,9.27,100.00,0.25
2021/12/21 2:36:17,9.28,100.00,0.25
2021/12/21 2:36:50,9.30,100.00,0.25
2021/12/21 2:37:22,9.27,100.00,0.25
2021/12/21 2:37:54,9.23,100.00,0.25
2021/12/21 2:38:26,9.26,100.00,0.25
2021/12/21 2:38:58,9.24,100.00,0.25
2021/12/21 2:39:30,9.24,100.00,0.25
2021/12/21 2:40:02,9.26,100.00,0.25
2021/12/21 2:40:35,9.26,100.00,0.25
2021/12/21 2:41:07,9.27,100.00,0.25
2021/12/21 2:41:39,9.27,100.00,0.25
2021/12/21 2:42:11,9.30,100.00,0.19
2021/12/21 2:42:43,9.31,100.00,0.19
2021/12/21 2:43:15,9.33,100.00,0.19
2021/12/21 2:43:48,9.35,100.00,0.19
2021/12/21 2:44:20,9.35,100.00,0.19
2021/12/21 2:44:52,9.35,100.00,0.19
2021/12/21 2:45:24,9.34,100.00,0.19
2021/12/21 2:45:56,9.33,100.00,0.19
2021/12/21 2:46:28,9.33,100.00,0.19
2021/12/21 2:47:01,9.33,100.00,0.19
2021/12/21 2:47:33,9.30,100.00,0.19
2021/12/21 2:48:05,9.30,100.00,0.19
2021/12/21 2:48:37,9.28,100.00,0.19
2021/12/21 2:49:09,9.27,100.00,0.19
2021/12/21 2:49:41,9.27,100.00,0.19
2021/12/21 2:50:14,9.26,100.00,0.19
2021/12/21 2:50:46,9.26,100.00,0.19
2021/12/21 2:51:18,9.27,100.00,0.19
2021/12/21 2:51:50,9.28,100.00,0.19
2021/12/21 2:52:22,9.26,100.00,0.19
2021/12/21 2:52:54,9.24,100.00,0.19
2021/12/21 2:53:27,9.21,100.00,0.19
2021/12/21 2:53:59,9.21,100.00,0.19
2021/12/21 2:54:31,9.21,100.00,0.19
2021/12/21 2:55:03,9.20,100.00,0.19
2021/12/21 2:55:35,9.23,100.00,0.19
2021/12/21 2:56:07,9.18,100.00,0.19
2021/12/21 2:56:40,9.18,100.00,0.19
2021/12/21 2:57:12,9.21,100.00,0.19
2021/12/21 2:57:44,9.18,100.00,0.19
2021/12/21 2:58:16,9.18,100.00,0.19
2021/12/21 2:58:48,9.18,100.00,0.19
2021/12/21 2:59:20,9.18,100.00,0.19
2021/12/21 2:59:53,9.20,100.00,0.19
2021/12/21 3:00:25,9.21,100.00,0.19
2021/12/21 3:00:57,9.23,100.00,0.19
2021/12/21 3:01:29,9.20,100.00,0.19
2021/12/21 3:02:01,9.23,100.00,0.19
2021/12/21 3:02:34,9.24,100.00,0.19
2021/12/21 3:03:06,9.21,100.00,0.19
2021/12/21 3:03:38,9.21,100.00,0.19
2021/12/21 3:04:10,9.23,100.00,0.19
2021/12/21 3:04:42,9.23,100.00,0.19
2021/12/21 3:05:14,9.23,100.00,0.19
2021/12/21 3:05:47,9.21,100.00,0.19
2021/12/21 3:06:19,9.16,100.00,0.19
2021/12/21 3:06:51,9.16,100.00,0.19
2021/12/21 3:07:23,9.17,100.00,0.19
2021/12/21 3:07:55,9.16,100.00,0.19
2021/12/21 3:08:27,9.18,100.00,0.19
2021/12/21 3:09:00,9.23,100.00,0.19
2021/12/21 3:09:32,9.24,100.00,0.19
2021/12/21 3:10:04,9.28,100.00,0.19
2021/12/21 3:10:36,9.30,100.00,0.19
2021/12/21 3:11:08,9.30,100.00,0.19
2021/12/21 3:11:40,9.33,100.00,0.19
2021/12/21 3:12:13,9.33,100.00,0.19
2021/12/21 3:12:45,9.33,100.00,0.19
2021/12/21 3:13:17,9.37,100.00,0.19
2021/12/21 3:13:49,9.35,100.00,0.19
2021/12/21 3:14:21,9.35,100.00,0.19
2021/12/21 3:14:53,9.37,100.00,0.19
2021/12/21 3:15:26,9.34,100.00,0.19
2021/12/21 3:15:58,9.37,100.00,0.19
2021/12/21 3:16:30,9.34,100.00,0.19
2021/12/21 3:17:02,9.34,100.00,0.19
2021/12/21 3:17:34,9.34,100.00,0.19
2021/12/21 3:18:06,9.37,100.00,0.19
2021/12/21 3:18:39,9.37,100.00,0.19
2021/12/21 3:19:11,9.38,100.00,0.19
2021/12/21 3:19:43,9.42,100.00,0.19
2021/12/21 3:20:15,9.42,100.00,0.19
2021/12/21 3:20:47,9.41,100.00,0.19
2021/12/21 3:21:19,9.41,100.00,0.19
2021/12/21 3:21:51,9.41,100.00,0.19
2021/12/21 3:22:24,9.35,100.00,0.19
2021/12/21 3:22:56,9.38,100.00,0.19
2021/12/21 3:23:28,9.38,100.00,0.19
2021/12/21 3:24:00,9.37,100.00,0.19
2021/12/21 3:24:32,9.38,100.00,0.19
2021/12/21 3:25:04,9.38,100.00,0.19
2021/12/21 3:25:37,9.39,100.00,0.19
2021/12/21 3:26:09,9.42,100.00,0.19
2021/12/21 3:26:41,9.44,100.00,0.19
2021/12/21 3:27:13,9.39,100.00,0.19
2021/12/21 3:27:45,9.39,100.00,0.19
2021/12/21 3:28:17,9.41,100.00,0.19
2021/12/21 3:28:50,9.39,100.00,0.19
2021/12/21 3:29:22,9.39,100.00,0.19
2021/12/21 3:29:54,9.39,100.00,0.19
2021/12/21 3:30:26,9.38,100.00,0.19
2021/12/21 3:30:58,9.38,100.00,0.19
2021/12/21 3:31:30,9.37,100.00,0.19
2021/12/21 3:32:03,9.38,100.00,0.19
2021/12/21 3:32:35,9.38,100.00,0.19
2021/12/21 3:33:07,9.37,100.00,0.19
2021/12/21 3:33:39,9.38,100.00,0.19
2021/12/21 3:34:11,9.37,100.00,0.19
2021/12/21 3:34:43,9.35,100.00,0.19
2021/12/21 3:35:16,9.38,100.00,0.19
2021/12/21 3:35:48,9.38,100.00,0.19
2021/12/21 3:36:20,9.34,100.00,0.19
2021/12/21 3:36:52,9.35,100.00,0.19
2021/12/21 3:37:24,9.34,100.00,0.19
2021/12/21 3:37:56,9.33,100.00,0.19
2021/12/21 3:38:29,9.28,100.00,0.19
2021/12/21 3:39:01,9.27,100.00,0.19
2021/12/21 3:39:33,9.27,100.00,0.19
2021/12/21 3:40:05,9.28,100.00,0.19
2021/12/21 3:40:37,9.31,100.00,0.19
2021/12/21 3:41:09,9.30,100.00,0.19
2021/12/21 3:41:42,9.30,100.00,0.19
2021/12/21 3:42:14,9.27,100.00,0.19
2021/12/21 3:42:46,9.31,100.00,0.19
2021/12/21 3:43:18,9.31,100.00,0.19
2021/12/21 3:43:50,9.35,100.00,0.19
2021/12/21 3:44:22,9.33,100.00,0.19
2021/12/21 3:44:55,9.34,100.00,0.19
2021/12/21 3:45:27,9.31,100.00,0.19
2021/12/21 3:45:59,9.30,100.00,0.19
2021/12/21 3:46:31,9.28,100.00,0.19
2021/12/21 3:47:03,9.28,100.00,0.19
2021/12/21 3:47:35,9.26,100.00,0.19
2021/12/21 3:48:08,9.26,100.00,0.19
2021/12/21 3:48:40,9.24,100.00,0.19
2021/12/21 3:49:12,9.21,100.00,0.19
2021/12/21 3:49:44,9.24,100.00,0.19
2021/12/21 3:50:16,9.24,100.00,0.19
2021/12/21 3:50:48,9.26,100.00,0.19
2021/12/21 3:51:21,9.24,100.00,0.19
2021/12/21 3:51:53,9.23,100.00,0.19
2021/12/21 3:52:25,9.23,100.00,0.19
2021/12/21 3:52:57,9.21,100.00,0.19
2021/12/21 3:53:29,9.23,100.00,0.19
2021/12/21 3:54:01,9.21,100.00,0.19
2021/12/21 3:54:34,9.23,100.00,0.19
2021/12/21 3:55:06,9.24,100.00,0.19
2021/12/21 3:55:38,9.26,100.00,0.19
2021/12/21 3:56:10,9.30,100.00,0.19
2021/12/21 3:56:42,9.30,100.00,0.19
2021/12/21 3:57:14,9.30,100.00,0.19
2021/12/21 3:57:47,9.26,100.00,0.19
2021/12/21 3:58:19,9.27,100.00,0.13
2021/12/21 3:58:51,9.23,100.00,0.13
2021/12/21 3:59:23,9.24,100.00,0.13
2021/12/21 3:59:55,9.24,100.00,0.13
2021/12/21 4:00:27,9.30,100.00,0.13
2021/12/21 4:01:00,9.28,100.00,0.13
2021/12/21 4:01:32,9.31,100.00,0.13
2021/12/21 4:02:04,9.33,100.00,0.13
2021/12/21 4:02:36,9.33,100.00,0.13
2021/12/21 4:03:08,9.31,100.00,0.13
2021/12/21 4:03:40,9.33,100.00,0.13
2021/12/21 4:04:12,9.31,100.00,0.13
2021/12/21 4:04:45,9.30,100.00,0.13
2021/12/21 4:05:17,9.30,100.00,0.13
2021/12/21 4:05:49,9.30,100.00,0.13
2021/12/21 4:06:21,9.30,100.00,0.13
2021/12/21 4:06:53,9.28,100.00,0.13
2021/12/21 4:07:25,9.30,100.00,0.13
2021/12/21 4:07:58,9.31,100.00,0.13
2021/12/21 4:08:30,9.28,100.00,0.13
2021/12/21 4:09:02,9.28,100.00,0.13
2021/12/21 4:09:34,9.28,100.00,0.13
2021/12/21 4:10:06,9.26,100.00,0.13
2021/12/21 4:10:38,9.28,100.00,0.13
2021/12/21 4:11:11,9.27,100.00,0.13
2021/12/21 4:11:43,9.28,100.00,0.13
2021/12/21 4:12:15,9.30,100.00,0.13
2021/12/21 4:12:47,9.28,100.00,0.13
2021/12/21 4:13:19,9.27,100.00,0.13
2021/12/21 4:13:51,9.27,100.00,0.13
2021/12/21 4:14:24,9.30,100.00,0.13
2021/12/21 4:14:56,9.31,100.00,0.13
2021/12/21 4:15:28,9.30,100.00,0.13
2021/12/21 4:16:00,9.27,100.00,0.13
2021/12/21 4:16:32,9.26,100.00,0.13
2021/12/21 4:17:04,9.23,100.00,0.13
2021/12/21 4:17:37,9.21,100.00,0.13
2021/12/21 4:18:09,9.26,100.00,0.13
2021/12/21 4:18:41,9.21,100.00,0.13
2021/12/21 4:19:13,9.21,100.00,0.13
2021/12/21 4:19:45,9.21,100.00,0.13
2021/12/21 4:20:17,9.24,100.00,0.13
2021/12/21 4:20:50,9.26,100.00,0.13
2021/12/21 4:21:22,9.30,100.00,0.13
2021/12/21 4:21:54,9.30,100.00,0.13
2021/12/21 4:22:26,9.27,100.00,0.13
2021/12/21 4:22:58,9.28,100.00,0.13
2021/12/21 4:23:30,9.27,100.00,0.13
2021/12/21 4:24:03,9.27,100.00,0.13
2021/12/21 4:24:35,9.27,100.00,0.13
2021/12/21 4:25:07,9.27,100.00,0.13
2021/12/21 4:25:39,9.27,100.00,0.13
2021/12/21 4:26:11,9.26,100.00,0.13
2021/12/21 4:26:43,9.26,100.00,0.13
2021/12/21 4:27:16,9.27,100.00,0.13
2021/12/21 4:27:48,9.27,100.00,0.13
2021/12/21 4:28:20,9.26,100.00,0.13
2021/12/21 4:28:52,9.23,100.00,0.13
2021/12/21 4:29:24,9.23,100.00,0.13
2021/12/21 4:29:56,9.26,100.00,0.13
2021/12/21 4:30:29,9.27,100.00,0.13
2021/12/21 4:31:01,9.24,100.00,0.13
2021/12/21 4:31:33,9.23,100.00,0.13
2021/12/21 4:32:05,9.21,100.00,0.13
2021/12/21 4:32:37,9.20,100.00,0.13
2021/12/21 4:33:09,9.18,100.00,0.13
2021/12/21 4:33:42,9.18,100.00,0.13
2021/12/21 4:34:14,9.18,100.00,0.13
2021/12/21 4:34:46,9.18,100.00,0.13
2021/12/21 4:35:18,9.17,100.00,0.13
2021/12/21 4:35:50,9.17,100.00,0.13
2021/12/21 4:36:22,9.18,100.00,0.13
2021/12/21 4:36:55,9.18,100.00,0.13
2021/12/21 4:37:27,9.21,100.00,0.13
2021/12/21 4:37:59,9.20,100.00,0.13
2021/12/21 4:38:31,9.21,100.00,0.13
2021/12/21 4:39:03,9.21,100.00,0.13
2021/12/21 4:39:35,9.18,100.00,0.13
2021/12/21 4:40:08,9.17,100.00,0.13
2021/12/21 4:40:40,9.17,100.00,0.06
2021/12/21 4:41:12,9.17,100.00,0.06
2021/12/21 4:41:44,9.14,100.00,0.06
2021/12/21 4:42:16,9.17,100.00,0.06
2021/12/21 4:42:48,9.16,100.00,0.06
2021/12/21 4:43:21,9.17,100.00,0.06
2021/12/21 4:43:53,9.18,100.00,0.06
2021/12/21 4:44:25,9.18,100.00,0.06
2021/12/21 4:44:57,9.18,100.00,0.06
2021/12/21 4:45:29,9.18,100.00,0.06
2021/12/21 4:46:01,9.17,100.00,0.06
2021/12/21 4:46:34,9.17,100.00,0.06
2021/12/21 4:47:06,9.17,100.00,0.06
2021/12/21 4:47:38,9.14,100.00,0.06
2021/12/21 4:48:10,9.14,100.00,0.06
2021/12/21 4:48:42,9.14,100.00,0.06
2021/12/21 4:49:14,9.16,100.00,0.06
2021/12/21 4:49:47,9.14,100.00,0.06
2021/12/21 4:50:19,9.17,100.00,0.06
2021/12/21 4:50:51,9.17,100.00,0.06
2021/12/21 4:51:23,9.20,100.00,0.06
2021/12/21 4:51:55,9.21,100.00,0.06
2021/12/21 4:52:27,9.18,100.00,0.06
2021/12/21 4:53:00,9.20,100.00,0.06
2021/12/21 4:53:32,9.21,100.00,0.06
2021/12/21 4:54:04,9.21,100.00,0.06
2021/12/21 4:54:36,9.21,100.00,0.06
2021/12/21 4:55:08,9.24,100.00,0.06
2021/12/21 4:55:40,9.24,100.00,0.06
2021/12/21 4:56:13,9.23,100.00,0.06
2021/12/21 4:56:45,9.24,100.00,0.06
2021/12/21 4:57:17,9.26,100.00,0.06
2021/12/21 4:57:49,9.21,100.00,0.06
2021/12/21 4:58:21,9.23,100.00,0.06
2021/12/21 4:58:53,9.24,100.00,0.06
2021/12/21 4:59:26,9.20,100.00,0.06
2021/12/21 4:59:58,9.18,100.00,0.06
2021/12/21 5:00:30,9.18,100.00,0.06
2021/12/21 5:01:02,9.17,100.00,0.06
2021/12/21 5:01:34,9.16,100.00,0.06
2021/12/21 5:02:06,9.16,100.00,0.06
2021/12/21 5:02:39,9.16,100.00,0.06
2021/12/21 5:03:11,9.18,100.00,0.06
2021/12/21 5:03:43,9.17,100.00,0.06
2021/12/21 5:04:15,9.18,100.00,0.06
2021/12/21 5:04:47,9.20,100.00,0.06
2021/12/21 5:05:19,9.18,100.00,0.06
2021/12/21 5:05:52,9.17,100.00,0.06
2021/12/21 5:06:24,9.17,100.00,0.06
2021/12/21 5:06:56,9.16,100.00,0.06
2021/12/21 5:07:28,9.17,100.00,0.06
2021/12/21 5:08:00,9.16,100.00,0.06
2021/12/21 5:08:32,9.13,100.00,0.06
2021/12/21 5:09:05,9.11,100.00,0.06
2021/12/21 5:09:37,9.11,100.00,0.06
2021/12/21 5:10:09,9.11,100.00,0.06
2021/12/21 5:10:41,9.07,100.00,0.06
2021/12/21 5:11:13,9.08,100.00,0.06
2021/12/21 5:11:45,9.07,100.00,0.06
2021/12/21 5:12:18,9.06,100.00,0.06
2021/12/21 5:12:50,9.06,100.00,0.06
2021/12/21 5:13:22,9.08,100.00,0.06
2021/12/21 5:13:54,9.11,100.00,0.06
2021/12/21 5:14:26,9.16,100.00,0.06
2021/12/21 5:14:58,9.13,100.00,0.06
2021/12/21 5:15:31,9.16,100.00,0.06
2021/12/21 5:16:03,9.14,100.00,0.06
2021/12/21 5:16:35,9.13,100.00,0.06
2021/12/21 5:17:07,9.14,100.00,0.06
2021/12/21 5:17:39,9.14,100.00,0.06
2021/12/21 5:18:11,9.14,100.00,0.06
2021/12/21 5:18:44,9.11,100.00,0.06
2021/12/21 5:19:16,9.10,100.00,0.06
2021/12/21 5:19:48,9.11,100.00,0.06
2021/12/21 5:20:20,9.14,100.00,0.06
2021/12/21 5:20:52,9.14,100.00,0.06
2021/12/21 5:21:24,9.11,100.00,0.06
2021/12/21 5:21:57,9.13,100.00,0.06
2021/12/21 5:22:29,9.14,100.00,0.06
2021/12/21 5:23:01,9.14,100.00,0.06
2021/12/21 5:23:33,9.13,100.00,0.06
2021/12/21 5:24:05,9.11,100.00,0.06
2021/12/21 5:24:37,9.11,100.00,0.06
2021/12/21 5:25:10,9.11,100.00,0.06
2021/12/21 5:25:42,9.08,100.00,0.06
2021/12/21 5:26:14,9.10,100.00,0.06
2021/12/21 5:26:46,9.11,100.00,0.06
2021/12/21 5:27:18,9.11,100.00,0.06
2021/12/21 5:27:50,9.14,100.00,0.06
2021/12/21 5:28:23,9.14,100.00,0.06
2021/12/21 5:28:55,9.16,100.00,0.06
2021/12/21 5:29:27,9.17,100.00,0.06
2021/12/21 5:29:59,9.14,100.00,0.06
2021/12/21 5:30:31,9.16,100.00,0.06
2021/12/21 5:31:03,9.16,100.00,0.06
2021/12/21 5:31:36,9.14,100.00,0.06
2021/12/21 5:32:08,9.16,100.00,0.06
2021/12/21 5:32:40,9.14,100.00,0.06
2021/12/21 5:33:12,9.13,100.00,0.06
2021/12/21 5:33:44,9.10,100.00,0.06
2021/12/21 5:34:16,9.10,100.00,0.06
2021/12/21 5:34:49,9.08,100.00,0.06
2021/12/21 5:35:21,9.07,100.00,0.06
2021/12/21 5:35:53,9.07,100.00,0.06
2021/12/21 5:36:25,9.06,100.00,0.06
2021/12/21 5:36:57,9.04,100.00,0.06
2021/12/21 5:37:29,9.06,100.00,0.06
2021/12/21 5:38:02,9.03,100.00,0.06
2021/12/21 5:38:34,9.06,100.00,0.06
2021/12/21 5:39:06,9.08,100.00,0.06
2021/12/21 5:39:38,9.04,100.00,0.06
2021/12/21 5:40:10,8.99,100.00,0.06
2021/12/21 5:40:42,8.97,100.00,0.06
2021/12/21 5:41:15,8.96,100.00,0.06
2021/12/21 5:41:47,8.97,100.00,0.06
2021/12/21 5:42:19,8.97,100.00,0.06
2021/12/21 5:42:51,8.99,100.00,0.06
2021/12/21 5:43:23,8.99,100.00,0.06
2021/12/21 5:43:55,8.97,100.00,0.06
2021/12/21 5:44:28,8.99,100.00,0.06
2021/12/21 5:45:00,8.97,100.00,0.06
2021/12/21 5:45:32,9.00,100.00,0.06
2021/12/21 5:46:04,9.00,100.00,0.06
2021/12/21 5:46:36,8.99,100.00,0.06
2021/12/21 5:47:08,9.00,100.00,0.06
2021/12/21 5:47:41,8.99,100.00,0.06
2021/12/21 5:48:13,9.03,100.00,0.06
2021/12/21 5:48:45,9.02,100.00,0.06
2021/12/21 5:49:17,9.06,100.00,0.06
2021/12/21 5:49:49,9.04,100.00,0.06
2021/12/21 5:50:21,9.07,100.00,0.06
2021/12/21 5:50:54,9.06,100.00,0.06
2021/12/21 5:51:26,9.07,100.00,0.06
2021/12/21 5:51:58,9.07,100.00,0.06
2021/12/21 5:52:30,9.10,100.00,0.06
2021/12/21 5:53:02,9.11,100.00,0.06
2021/12/21 5:53:34,9.13,100.00,0.06
2021/12/21 5:54:07,9.16,100.00,0.06
2021/12/21 5:54:39,9.13,100.00,0.06
2021/12/21 5:55:11,9.18,100.00,0.06
2021/12/21 5:55:43,9.18,100.00,0.06
2021/12/21 5:56:15,9.20,100.00,0.06
2021/12/21 5:56:47,9.20,100.00,0.06
2021/12/21 5:57:20,9.20,100.00,0.06
2021/12/21 5:57:52,9.20,100.00,0.06
2021/12/21 5:58:24,9.20,100.00,0.06
2021/12/21 5:58:56,9.18,100.00,0.06
2021/12/21 5:59:28,9.20,100.00,0.06
2021/12/21 6:00:00,9.20,100.00,0.06
2021/12/21 6:00:33,9.20,100.00,0.06
2021/12/21 6:01:05,9.17,100.00,0.06
2021/12/21 6:01:37,9.16,100.00,0.06
2021/12/21 6:02:09,9.17,100.00,0.06
2021/12/21 6:02:41,9.17,100.00,0.06
2021/12/21 6:03:13,9.17,100.00,0.06
2021/12/21 6:03:46,9.20,100.00,0.06
2021/12/21 6:04:18,9.20,100.00,0.06
2021/12/21 6:04:50,9.18,100.00,0.06
2021/12/21 6:05:22,9.18,100.00,0.06
2021/12/21 6:05:54,9.17,100.00,0.06
2021/12/21 6:06:26,9.16,100.00,0.06
2021/12/21 6:06:59,9.14,100.00,0.06
2021/12/21 6:07:31,9.14,100.00,0.06
2021/12/21 6:08:03,9.13,100.00,0.06
2021/12/21 6:08:35,9.11,100.00,0.06
2021/12/21 6:09:07,9.10,100.00,0.06
2021/12/21 6:09:39,9.10,100.00,0.06
2021/12/21 6:10:12,9.07,100.00,0.06
2021/12/21 6:10:44,9.07,100.00,0.06
2021/12/21 6:11:16,9.08,100.00,0.13
2021/12/21 6:11:48,9.07,100.00,0.13
2021/12/21 6:12:20,9.07,100.00,0.13
2021/12/21 6:12:52,9.07,100.00,0.13
2021/12/21 6:13:25,9.10,100.00,0.13
2021/12/21 6:13:57,9.11,100.00,0.19
2021/12/21 6:14:29,9.11,100.00,0.19
2021/12/21 6:15:01,9.11,100.00,0.19
2021/12/21 6:15:33,9.07,100.00,0.19
2021/12/21 6:16:05,9.07,100.00,0.25
2021/12/21 6:16:38,9.06,100.00,0.25
2021/12/21 6:17:10,9.07,100.00,0.25
2021/12/21 6:17:42,9.06,100.00,0.25
2021/12/21 6:18:14,9.07,100.00,0.31
2021/12/21 6:18:46,9.06,100.00,0.31
2021/12/21 6:19:19,9.07,100.00,0.38
2021/12/21 6:19:51,9.08,100.00,0.38
2021/12/21 6:20:23,9.10,100.00,0.44
2021/12/21 6:20:55,9.11,100.00,0.50
2021/12/21 6:21:27,9.16,100.00,0.57
2021/12/21 6:21:59,9.17,100.00,0.63
2021/12/21 6:22:31,9.14,100.00,0.69
2021/12/21 6:23:04,9.14,100.00,0.76
2021/12/21 6:23:36,9.14,100.00,0.88
2021/12/21 6:24:08,9.14,100.00,1.01
2021/12/21 6:24:40,9.11,100.00,1.07
2021/12/21 6:25:12,9.11,100.00,1.26
2021/12/21 6:25:44,9.14,100.00,1.45
2021/12/21 6:26:17,9.11,100.00,1.70
2021/12/21 6:26:49,9.14,100.00,1.89
2021/12/21 6:27:21,9.16,100.00,2.14
2021/12/21 6:27:53,9.10,100.00,2.39
2021/12/21 6:28:25,9.10,100.00,2.84
2021/12/21 6:28:57,9.08,100.00,3.21
2021/12/21 6:29:30,9.11,100.00,3.72
2021/12/21 6:30:02,9.10,100.00,4.28
2021/12/21 6:30:34,9.07,100.00,4.98
2021/12/21 6:31:06,9.11,100.00,5.73
2021/12/21 6:31:38,9.10,100.00,6.74
2021/12/21 6:32:10,9.08,100.00,7.81
2021/12/21 6:32:43,9.06,100.00,9.20
2021/12/21 6:33:15,9.06,100.00,10.71
2021/12/21 6:33:47,9.00,100.00,12.41
2021/12/21 6:34:19,8.99,100.00,14.43
2021/12/21 6:34:51,9.03,100.00,8.32
2021/12/21 6:35:23,9.03,100.00,9.58
2021/12/21 6:35:56,9.00,100.00,10.96
2021/12/21 6:36:28,8.99,100.00,12.60
2021/12/21 6:37:00,9.00,100.00,14.36
2021/12/21 6:37:32,8.96,100.00,32.51
2021/12/21 6:38:04,8.93,100.00,36.79
2021/12/21 6:38:36,8.94,100.00,41.08
2021/12/21 6:39:09,8.96,100.00,46.37
2021/12/21 6:39:41,8.97,100.00,52.16
2021/12/21 6:40:13,9.00,100.00,58.46
2021/12/21 6:40:45,8.97,100.00,65.02
2021/12/21 6:41:17,8.97,100.00,72.58
2021/12/21 6:41:49,8.97,100.00,81.14
2021/12/21 6:42:22,8.96,100.00,89.71
2021/12/21 6:42:54,8.94,100.00,99.29
2021/12/21 6:43:26,8.96,100.00,108.86
2021/12/21 6:43:58,9.00,100.00,119.45
2021/12/21 6:44:30,9.00,100.00,131.04
2021/12/21 6:45:02,9.02,100.00,143.14
2021/12/21 6:45:35,9.02,100.00,155.23
2021/12/21 6:46:07,9.02,100.00,168.34
2021/12/21 6:46:39,9.03,100.00,182.45
2021/12/21 6:47:11,8.99,100.00,196.56
2021/12/21 6:47:43,8.99,100.00,210.67
2021/12/21 6:48:16,8.97,100.00,226.80
2021/12/21 6:48:48,9.00,100.00,242.93
2021/12/21 6:49:20,9.00,100.00,258.05
2021/12/21 6:49:52,8.97,100.00,276.19
2021/12/21 6:50:24,8.97,100.00,294.34
2021/12/21 6:50:56,8.96,100.00,312.48
2021/12/21 6:51:28,8.97,100.00,332.64
2021/12/21 6:52:01,8.96,100.00,352.80
2021/12/21 6:52:33,8.94,100.00,372.96
2021/12/21 6:53:05,8.94,100.00,395.14
2021/12/21 6:53:37,8.91,100.00,419.33
2021/12/21 6:54:09,8.93,100.00,439.49
2021/12/21 6:54:41,8.96,100.00,463.68
2021/12/21 6:55:14,8.99,100.00,489.89
2021/12/21 6:55:46,9.00,100.00,516.10
2021/12/21 6:56:18,9.00,100.00,548.35
2021/12/21 6:56:50,9.02,100.00,576.58
2021/12/21 6:57:22,9.00,100.00,608.83
2021/12/21 6:57:54,9.03,100.00,637.06
2021/12/21 6:58:27,9.02,100.00,665.28
2021/12/21 6:58:59,9.02,100.00,693.50
2021/12/21 6:59:31,9.02,100.00,721.73
2021/12/21 7:00:03,9.00,100.00,749.95
2021/12/21 7:00:35,9.00,100.00,778.18
2021/12/21 7:01:07,9.00,100.00,810.43
2021/12/21 7:01:40,9.02,100.00,838.66
2021/12/21 7:02:12,9.00,100.00,870.91
2021/12/21 7:02:44,9.02,100.00,903.17
2021/12/21 7:03:16,8.99,100.00,931.39
2021/12/21 7:03:48,9.02,100.00,959.62
2021/12/21 7:04:20,9.00,100.00,991.87
2021/12/21 7:04:53,9.00,100.00,1020.10
2021/12/21 7:05:25,8.97,100.00,1048.32
2021/12/21 7:05:57,8.97,100.00,1080.58
2021/12/21 7:06:29,8.94,100.00,1112.83
2021/12/21 7:07:01,8.94,100.00,1145.09
2021/12/21 7:07:34,8.96,100.00,1169.28
2021/12/21 7:08:06,9.00,100.00,1201.54
2021/12/21 7:08:38,8.97,100.00,1225.73
2021/12/21 7:09:10,9.00,100.00,1257.98
2021/12/21 7:09:42,9.03,100.00,1282.18
2021/12/21 7:10:14,9.06,100.00,1314.43
2021/12/21 7:10:47,9.06,100.00,1338.62
2021/12/21 7:11:19,9.04,100.00,1370.88
2021/12/21 7:11:51,9.04,100.00,1403.14
2021/12/21 7:12:23,9.04,100.00,1475.71
2021/12/21 7:12:55,9.07,100.00,1516.03
2021/12/21 7:13:27,9.10,100.00,1540.22
2021/12/21 7:14:00,9.07,100.00,1572.48
2021/12/21 7:14:32,9.07,100.00,1604.74
2021/12/21 7:15:04,9.07,100.00,1636.99
2021/12/21 7:15:36,9.07,100.00,1661.18
2021/12/21 7:16:08,9.08,100.00,1685.38
2021/12/21 7:16:40,9.07,100.00,1709.57
2021/12/21 7:17:13,9.06,100.00,1741.82
2021/12/21 7:17:45,9.07,100.00,1766.02
2021/12/21 7:18:17,9.08,100.00,1790.21
2021/12/21 7:18:49,9.11,100.00,1814.40
2021/12/21 7:19:21,9.08,100.00,1838.59
2021/12/21 7:19:53,9.06,100.00,1862.78
2021/12/21 7:20:26,9.06,100.00,1886.98
2021/12/21 7:20:58,9.04,100.00,1919.23
2021/12/21 7:21:30,9.02,100.00,1943.42
2021/12/21 7:22:02,9.02,100.00,1967.62
2021/12/21 7:22:34,9.03,100.00,1983.74
2021/12/21 7:23:06,9.04,100.00,2016.00
2021/12/21 7:23:39,9.03,100.00,2040.19
2021/12/21 7:24:11,9.08,100.00,2064.38
2021/12/21 7:24:43,9.08,100.00,2080.51
2021/12/21 7:25:15,9.06,100.00,2112.77
2021/12/21 7:25:47,9.10,100.00,2145.02
2021/12/21 7:26:19,9.13,100.00,2161.15
2021/12/21 7:26:52,9.18,100.00,2193.41
2021/12/21 7:27:24,9.20,100.00,2225.66
2021/12/21 7:27:56,9.26,100.00,2241.79
2021/12/21 7:28:28,9.27,100.00,2274.05
2021/12/21 7:29:00,9.30,100.00,2290.18
2021/12/21 7:29:32,9.31,100.00,2306.30
2021/12/21 7:30:05,9.28,100.00,2322.43
2021/12/21 7:30:37,9.28,100.00,2338.56
2021/12/21 7:31:09,9.26,100.00,2354.69
2021/12/21 7:31:41,9.26,100.00,2370.82
2021/12/21 7:32:13,9.26,100.00,2403.07
2021/12/21 7:32:45,9.28,100.00,2419.20
2021/12/21 7:33:18,9.27,100.00,2435.33
2021/12/21 7:33:50,9.27,100.00,2451.46
2021/12/21 7:34:22,9.27,100.00,2483.71
2021/12/21 7:34:54,9.27,100.00,2499.84
2021/12/21 7:35:26,9.28,100.00,2532.10
2021/12/21 7:35:58,9.28,100.00,2548.22
2021/12/21 7:36:31,9.28,100.00,2580.48
2021/12/21 7:37:03,9.28,100.00,2596.61
2021/12/21 7:37:35,9.30,100.00,2612.74
2021/12/21 7:38:07,9.35,100.00,2644.99
2021/12/21 7:38:39,9.31,100.00,2661.12
2021/12/21 7:39:11,9.37,100.00,2693.38
2021/12/21 7:39:44,9.37,100.00,2693.38
2021/12/21 7:40:16,9.37,100.00,2709.50
2021/12/21 7:40:48,9.35,100.00,2725.63
2021/12/21 7:41:20,9.37,100.00,2741.76
2021/12/21 7:41:52,9.38,100.00,2757.89
2021/12/21 7:42:24,9.42,100.00,2790.14
2021/12/21 7:42:57,9.45,100.00,2806.27
2021/12/21 7:43:29,9.49,100.00,2822.40
2021/12/21 7:44:01,9.52,100.00,2838.53
2021/12/21 7:44:33,9.51,100.00,2854.66
2021/12/21 7:45:05,9.52,100.00,2854.66
2021/12/21 7:45:37,9.51,100.00,2870.78
2021/12/21 7:46:10,9.51,100.00,2886.91
2021/12/21 7:46:42,9.51,100.00,2903.04
2021/12/21 7:47:14,9.49,100.00,2919.17
2021/12/21 7:47:46,9.49,100.00,2935.30
2021/12/21 7:48:18,9.54,100.00,2951.42
2021/12/21 7:48:50,9.57,100.00,2967.55
2021/12/21 7:49:23,9.57,100.00,2983.68
2021/12/21 7:49:55,9.55,100.00,2999.81
2021/12/21 7:50:27,9.59,100.00,3015.94
2021/12/21 7:50:59,9.58,100.00,3015.94
2021/12/21 7:51:31,9.63,100.00,3032.06
2021/12/21 7:52:03,9.63,100.00,3048.19
2021/12/21 7:52:36,9.66,100.00,3048.19
2021/12/21 7:53:08,9.66,100.00,3064.32
2021/12/21 7:53:40,9.68,100.00,3080.45
2021/12/21 7:54:12,9.71,100.00,3096.58
2021/12/21 7:54:44,9.69,100.00,3112.70
2021/12/21 7:55:16,9.69,100.00,3112.70
2021/12/21 7:55:49,9.74,100.00,3128.83
2021/12/21 7:56:21,9.75,100.00,3128.83
2021/12/21 7:56:53,9.79,100.00,3144.96
2021/12/21 7:57:25,9.84,100.00,3161.09
2021/12/21 7:57:57,9.84,100.00,3177.22
2021/12/21 7:58:30,9.85,100.00,3193.34
2021/12/21 7:59:02,9.86,100.00,3209.47
2021/12/21 7:59:34,9.85,100.00,3225.60
2021/12/21 8:00:06,9.85,100.00,3241.73
2021/12/21 8:00:38,9.86,100.00,3257.86
2021/12/21 8:01:10,9.89,100.00,3257.86
2021/12/21 8:01:43,9.89,100.00,3273.98
2021/12/21 8:02:15,9.89,100.00,3290.11
2021/12/21 8:02:47,9.89,100.00,3290.11
2021/12/21 8:03:19,9.90,100.00,3306.24
2021/12/21 8:03:51,9.89,100.00,3322.37
2021/12/21 8:04:23,9.93,100.00,3354.62
2021/12/21 8:04:55,9.90,100.00,3354.62
2021/12/21 8:05:28,9.93,100.00,3386.88
2021/12/21 8:06:00,9.93,100.00,3403.01
2021/12/21 8:06:32,9.95,100.00,3419.14
2021/12/21 8:07:04,9.93,100.00,3451.39
2021/12/21 8:07:36,9.96,100.00,3483.65
2021/12/21 8:08:08,9.96,100.00,3515.90
2021/12/21 8:08:41,9.99,100.00,3532.03
2021/12/21 8:09:13,10.02,100.00,3564.29
2021/12/21 8:09:45,10.03,100.00,3580.42
2021/12/21 8:10:17,10.02,100.00,3596.54
2021/12/21 8:10:49,10.03,100.00,3596.54
2021/12/21 8:11:21,10.02,100.00,3612.67
2021/12/21 8:11:54,10.05,100.00,3612.67
2021/12/21 8:12:26,10.05,100.00,3628.80
2021/12/21 8:12:58,10.09,100.00,3644.93
2021/12/21 8:13:30,10.08,100.00,3661.06
2021/12/21 8:14:02,10.08,100.00,3693.31
2021/12/21 8:14:35,10.10,100.00,3709.44
2021/12/21 8:15:07,10.14,100.00,3725.57
2021/12/21 8:15:39,10.14,100.00,3757.82
2021/12/21 8:16:11,10.17,100.00,3773.95
2021/12/21 8:16:43,10.19,100.00,3806.21
2021/12/21 8:17:15,10.20,100.00,3822.34
2021/12/21 8:17:48,10.20,100.00,3854.59
2021/12/21 8:18:20,10.24,100.00,3870.72
2021/12/21 8:18:52,10.29,100.00,3902.98
2021/12/21 8:19:24,10.29,100.00,3919.10
2021/12/21 8:19:56,10.33,100.00,3935.23
2021/12/21 8:20:28,10.35,100.00,3951.36
2021/12/21 8:21:01,10.40,100.00,3967.49
2021/12/21 8:21:33,10.43,100.00,3999.74
2021/12/21 8:22:05,10.46,100.00,4015.87
2021/12/21 8:22:37,10.46,100.00,4032.00
2021/12/21 8:23:09,10.46,100.00,4064.26
2021/12/21 8:23:41,10.49,99.94,4161.02
2021/12/21 8:24:14,10.49,99.77,4322.30
2021/12/21 8:24:46,10.50,99.66,4612.61
2021/12/21 8:25:18,10.51,99.47,4999.68
2021/12/21 8:25:50,10.51,99.35,5483.52
2021/12/21 8:26:22,10.57,99.25,6031.87
2021/12/21 8:26:54,10.60,99.12,6547.97
2021/12/21 8:27:27,10.65,99.06,6870.53
2021/12/21 8:27:59,10.72,98.97,7064.06
2021/12/21 8:28:31,10.78,98.83,7193.09
2021/12/21 8:29:03,10.85,98.62,7289.86
2021/12/21 8:29:35,10.97,98.49,7354.37
2021/12/21 8:30:07,11.04,98.23,7418.88
2021/12/21 8:30:40,11.10,97.88,7483.39
2021/12/21 8:31:12,11.19,97.56,7580.16
2021/12/21 8:31:44,11.29,97.22,7709.18
2021/12/21 8:32:16,11.36,96.95,7838.21
2021/12/21 8:32:48,11.46,96.62,7999.49
2021/12/21 8:33:21,11.53,96.17,8225.28
2021/12/21 8:33:53,11.65,95.80,8451.07
2021/12/21 8:34:25,11.70,95.19,8709.12
2021/12/21 8:34:57,11.76,94.80,8967.17
2021/12/21 8:35:29,11.86,94.45,9289.73
2021/12/21 8:36:01,11.92,94.24,9612.29
2021/12/21 8:36:34,12.00,93.83,9999.36
2021/12/21 8:37:06,12.10,93.56,10386.43
2021/12/21 8:37:38,12.17,93.32,10838.02
2021/12/21 8:38:10,12.25,92.90,11289.60
2021/12/21 8:38:42,12.37,92.48,11870.21
2021/12/21 8:39:14,12.43,92.09,12515.33
2021/12/21 8:39:47,12.55,91.67,13289.47
2021/12/21 8:40:19,12.64,91.53,13999.10
2021/12/21 8:40:51,12.75,91.25,14579.71
2021/12/21 8:41:23,12.85,90.92,15160.32
2021/12/21 8:41:55,12.96,90.43,15611.90
2021/12/21 8:42:27,13.07,89.72,15998.98
2021/12/21 8:43:00,13.17,89.46,16257.02
2021/12/21 8:43:32,13.29,88.98,16515.07
2021/12/21 8:44:04,13.36,88.75,16773.12
2021/12/21 8:44:36,13.46,88.59,17160.19
2021/12/21 8:45:08,13.56,88.09,17418.24
2021/12/21 8:45:41,13.63,87.95,17676.29
2021/12/21 8:46:13,13.71,87.57,17934.34
2021/12/21 8:46:45,13.82,87.39,18321.41
2021/12/21 8:47:17,13.88,87.10,18450.43
2021/12/21 8:47:49,13.94,86.69,18708.48
2021/12/21 8:48:21,14.04,86.05,18966.53
2021/12/21 8:48:54,14.15,85.63,19095.55
2021/12/21 8:49:26,14.25,85.51,19353.60
2021/12/21 8:49:58,14.38,85.44,19611.65
2021/12/21 8:50:30,14.49,84.90,19740.67
2021/12/21 8:51:02,14.58,84.05,19869.70
2021/12/21 8:51:34,14.68,83.67,20127.75
2021/12/21 8:52:07,14.79,83.30,20256.77
2021/12/21 8:52:39,14.86,82.76,20514.82
2021/12/21 8:53:11,14.99,82.26,20643.84
2021/12/21 8:53:43,15.07,81.99,20772.87
2021/12/21 8:54:15,15.15,81.68,21030.91
2021/12/21 8:54:47,15.26,81.62,21288.96
2021/12/21 8:55:20,15.33,81.03,21547.01
2021/12/21 8:55:52,15.41,80.58,21676.03
2021/12/21 8:56:24,15.51,79.98,21805.06
2021/12/21 8:56:56,15.60,79.95,22063.10
2021/12/21 8:57:28,15.74,79.62,22192.13
2021/12/21 8:58:00,15.86,79.30,22321.15
2021/12/21 8:58:33,15.98,78.77,22450.18
2021/12/21 8:59:05,16.09,78.08,22579.20
2021/12/21 8:59:37,16.20,77.85,22708.22
2021/12/21 9:00:09,16.30,77.11,22966.27
2021/12/21 9:00:41,16.42,76.54,23095.30
2021/12/21 9:01:13,16.52,76.30,23224.32
2021/12/21 9:01:46,16.62,76.96,23353.35
2021/12/21 9:02:18,16.73,76.06,23482.37
2021/12/21 9:02:50,16.84,75.46,23611.39
2021/12/21 9:03:22,16.95,74.62,23611.39
2021/12/21 9:03:54,17.07,74.24,23740.42
2021/12/21 9:04:26,17.15,74.15,23740.42
2021/12/21 9:04:59,17.27,73.51,23869.44
2021/12/21 9:05:31,17.39,73.55,23869.44
2021/12/21 9:06:03,17.52,72.91,23869.44
2021/12/21 9:06:35,17.55,72.54,23869.44
2021/12/21 9:07:07,17.64,72.54,23869.44
2021/12/21 9:07:40,17.73,72.24,23740.42
2021/12/21 9:08:12,17.82,71.81,23740.42
2021/12/21 9:08:44,17.89,71.80,23869.44
2021/12/21 9:09:16,17.96,71.51,23869.44
2021/12/21 9:09:48,18.03,71.80,23998.46
2021/12/21 9:10:20,18.06,70.84,23998.46
2021/12/21 9:10:53,18.14,70.82,24127.49
2021/12/21 9:11:25,18.20,70.48,24256.51
2021/12/21 9:11:57,18.26,70.50,24514.56
2021/12/21 9:12:29,18.31,70.48,24772.61
2021/12/21 9:13:01,18.39,70.31,25030.66
2021/12/21 9:13:33,18.43,70.02,25417.73
2021/12/21 9:14:06,18.52,69.39,25546.75
2021/12/21 9:14:38,18.58,69.43,25804.80
2021/12/21 9:15:10,18.65,68.90,26062.85
2021/12/21 9:15:42,18.74,68.89,26062.85
2021/12/21 9:16:14,18.82,69.36,26320.90
2021/12/21 9:16:46,18.90,68.70,26449.92
2021/12/21 9:17:19,18.92,68.93,26578.94
2021/12/21 9:17:51,19.02,68.61,26578.94
2021/12/21 9:18:23,19.06,67.85,26707.97
2021/12/21 9:18:55,19.15,67.19,26707.97
2021/12/21 9:19:27,19.21,67.72,26707.97
2021/12/21 9:20:00,19.22,68.36,26836.99
2021/12/21 9:20:32,19.25,67.83,26966.02
2021/12/21 9:21:04,19.30,68.01,27095.04
2021/12/21 9:21:36,19.39,67.75,27224.07
2021/12/21 9:22:08,19.49,67.09,27482.11
2021/12/21 9:22:40,19.57,66.53,27611.14
2021/12/21 9:23:13,19.59,66.47,27869.18
2021/12/21 9:23:45,19.60,66.54,27998.21
2021/12/21 9:24:17,19.59,66.22,28385.28
2021/12/21 9:24:49,19.62,66.53,28643.33
2021/12/21 9:25:21,19.64,66.44,28901.38
2021/12/21 9:25:53,19.69,66.44,29159.42
2021/12/21 9:26:26,19.74,66.37,29417.47
2021/12/21 9:26:58,19.78,66.25,29546.50
2021/12/21 9:27:30,19.81,66.25,29804.54
2021/12/21 9:28:02,19.88,66.11,30062.60
2021/12/21 9:28:34,19.95,65.51,30191.62
2021/12/21 9:29:06,20.01,64.65,30320.64
2021/12/21 9:29:39,20.04,64.44,30578.69
2021/12/21 9:30:11,20.10,64.70,30707.71
2021/12/21 9:30:43,20.13,65.44,30965.76
2021/12/21 9:31:15,20.07,64.87,31223.81
2021/12/21 9:31:47,20.05,65.13,31352.83
2021/12/21 9:32:19,20.08,64.98,31481.86
2021/12/21 9:32:52,20.14,65.01,31610.88
2021/12/21 9:33:24,20.20,64.24,31739.91
2021/12/21 9:33:56,20.31,64.13,31868.93
2021/12/21 9:34:28,20.42,65.21,32126.98
2021/12/21 9:35:00,20.51,63.72,32514.05
2021/12/21 9:35:32,20.54,63.76,32643.07
2021/12/21 9:36:05,20.52,64.86,32772.10
2021/12/21 9:36:37,20.49,65.27,32901.12
2021/12/21 9:37:09,20.51,64.68,33030.14
2021/12/21 9:37:41,20.58,64.50,33030.14
2021/12/21 9:38:13,20.59,63.69,33030.14
2021/12/21 9:38:45,20.64,64.59,33030.14
2021/12/21 9:39:18,20.76,65.31,33288.20
2021/12/21 9:39:50,20.90,64.14,33546.24
2021/12/21 9:40:22,21.05,63.73,33804.29
2021/12/21 9:40:54,21.16,62.64,33804.29
2021/12/21 9:41:26,21.27,62.08,34079.54
2021/12/21 9:41:59,21.34,63.16,34062.34
2021/12/21 9:42:31,21.43,62.56,34062.34
2021/12/21 9:43:03,21.47,63.30,34320.38
2021/12/21 9:43:35,21.57,62.92,34578.43
2021/12/21 9:44:07,21.67,62.44,34578.43
2021/12/21 9:44:39,21.78,61.68,34578.43
2021/12/21 9:45:12,21.88,60.65,34836.48
2021/12/21 9:45:44,21.94,59.27,35094.53
2021/12/21 9:46:16,22.04,59.55,35094.53
2021/12/21 9:46:48,22.07,60.31,35352.58
2021/12/21 9:47:20,22.08,60.84,35868.67
2021/12/21 9:47:52,22.15,60.39,36126.72
2021/12/21 9:48:25,22.19,60.93,36126.72
2021/12/21 9:48:57,22.23,59.42,36126.72
2021/12/21 9:49:29,22.31,58.83,36384.77
2021/12/21 9:50:01,22.35,59.69,36642.82
2021/12/21 9:50:33,22.39,59.99,36642.82
2021/12/21 9:51:06,22.39,59.85,37158.91
2021/12/21 9:51:38,22.40,59.64,37158.91
2021/12/21 9:52:10,22.42,59.47,37416.96
2021/12/21 9:52:42,22.48,59.07,37675.01
2021/12/21 9:53:14,22.52,58.27,37933.06
2021/12/21 9:53:46,22.58,58.51,38191.11
2021/12/21 9:54:19,22.56,58.92,38449.16
2021/12/21 9:54:51,22.53,58.90,38449.16
2021/12/21 9:55:23,22.49,60.09,38449.16
2021/12/21 9:55:55,22.56,61.39,38965.25
2021/12/21 9:56:27,22.66,60.51,39223.30
2021/12/21 9:56:59,22.85,58.14,38965.25
2021/12/21 9:57:31,22.97,58.20,39223.30
2021/12/21 9:58:04,23.07,58.09,39481.34
2021/12/21 9:58:36,23.15,59.91,39739.39
2021/12/21 9:59:08,23.28,58.35,40513.54
2021/12/21 9:59:40,23.40,57.56,41029.63
2021/12/21 10:00:12,23.48,57.62,41287.68
2021/12/21 10:00:45,23.60,57.33,41803.78
2021/12/21 10:01:17,23.71,57.21,42061.83
2021/12/21 10:01:49,23.78,57.93,42319.87
2021/12/21 10:02:21,23.89,57.93,42319.87
2021/12/21 10:02:53,24.01,58.17,42577.92
2021/12/21 10:03:25,24.12,58.02,42835.97
2021/12/21 10:03:58,24.16,55.68,42835.97
2021/12/21 10:04:30,24.19,56.87,43352.07
2021/12/21 10:05:02,24.29,56.08,43610.11
2021/12/21 10:05:34,24.34,54.78,43868.16
2021/12/21 10:06:06,24.42,55.51,44126.21
2021/12/21 10:06:38,24.52,55.93,44384.26
2021/12/21 10:07:11,24.68,54.16,44900.36
2021/12/21 10:07:43,24.81,53.44,45416.45
2021/12/21 10:08:15,24.94,53.92,45158.40
2021/12/21 10:08:47,25.07,52.78,45416.45
2021/12/21 10:09:19,25.18,51.83,45932.54
2021/12/21 10:09:51,25.26,52.68,45932.54
2021/12/21 10:10:24,25.34,51.78,45674.50
2021/12/21 10:10:56,25.39,51.64,45674.50
2021/12/21 10:11:28,25.39,51.02,45932.54
2021/12/21 10:12:00,25.31,50.77,46706.69
2021/12/21 10:12:32,25.22,51.14,47222.79
2021/12/21 10:13:04,25.24,51.69,47738.89
2021/12/21 10:13:37,25.31,52.08,47996.93
2021/12/21 10:14:09,25.44,52.98,48254.98
2021/12/21 10:14:41,25.52,52.44,48254.98
2021/12/21 10:15:13,25.65,53.96,48513.02
2021/12/21 10:15:45,25.79,51.36,48254.98
2021/12/21 10:16:18,25.83,51.77,48771.07
2021/12/21 10:16:50,25.89,50.38,48771.07
2021/12/21 10:17:22,25.76,50.42,48254.98
2021/12/21 10:17:54,25.72,51.55,47738.89
2021/12/21 10:18:26,25.65,51.06,47738.89
2021/12/21 10:18:58,25.50,51.26,47738.89
2021/12/21 10:19:31,25.50,53.09,47996.93
2021/12/21 10:20:03,25.64,52.06,48513.02
2021/12/21 10:20:35,25.82,51.98,48771.07
2021/12/21 10:21:07,26.00,51.29,49287.17
2021/12/21 10:21:39,26.22,50.18,50061.32
2021/12/21 10:22:11,26.38,50.42,50577.41
2021/12/21 10:22:44,26.55,50.01,50835.46
2021/12/21 10:23:16,26.71,48.91,51609.60
2021/12/21 10:23:48,26.82,48.81,52125.70
2021/12/21 10:24:20,26.87,48.88,52641.79
2021/12/21 10:24:52,26.97,49.23,53415.94
2021/12/21 10:25:24,27.05,49.43,53932.04
2021/12/21 10:25:57,27.06,47.91,53932.04
2021/12/21 10:26:29,27.05,47.55,55222.27
2021/12/21 10:27:01,27.02,49.14,54964.22
2021/12/21 10:27:33,27.11,48.78,55480.32
2021/12/21 10:28:05,27.21,48.00,55996.41
2021/12/21 10:28:37,27.25,47.30,56254.46
2021/12/21 10:29:10,27.25,48.37,56770.57
2021/12/21 10:29:42,27.25,48.97,56770.57
2021/12/21 10:30:14,27.35,48.18,57802.75
2021/12/21 10:30:46,27.33,47.77,51093.51
2021/12/21 10:31:18,26.77,49.44,25546.75
2021/12/21 10:31:51,26.73,49.10,55772.77
2021/12/21 10:32:23,26.99,48.22,55996.41
2021/12/21 10:32:55,26.65,48.80,27740.16
2021/12/21 10:33:27,26.04,49.52,23353.35
2021/12/21 10:33:59,25.70,49.66,45932.54
2021/12/21 10:34:31,26.00,49.62,56770.57
2021/12/21 10:35:04,25.56,51.53,28921.45
2021/12/21 10:35:36,25.17,52.28,25804.80
2021/12/21 10:36:08,24.71,53.60,20385.79
2021/12/21 10:36:40,24.37,53.50,21288.96
2021/12/21 10:37:12,24.29,52.71,40255.49
2021/12/21 10:37:44,24.16,53.24,44642.31
2021/12/21 10:38:17,24.20,53.90,32772.10
2021/12/21 10:38:49,24.34,55.26,45938.29
2021/12/21 10:39:21,23.99,55.29,21934.08
2021/12/21 10:39:53,24.02,54.10,44900.36
2021/12/21 10:40:25,24.54,51.97,54190.09
2021/12/21 10:40:57,24.67,50.86,45158.40
2021/12/21 10:41:30,24.63,51.95,53673.99
2021/12/21 10:42:02,24.22,52.47,42583.66
2021/12/21 10:42:34,23.81,53.79,41287.68
2021/12/21 10:43:06,23.65,54.09,19224.58
2021/12/21 10:43:38,23.28,54.85,19998.72
2021/12/21 10:44:10,23.78,54.43,53673.99
2021/12/21 10:44:43,24.03,54.25,53673.99
2021/12/21 10:45:15,23.64,54.43,34320.38
2021/12/21 10:45:47,23.34,54.95,19740.67
2021/12/21 10:46:19,23.01,56.17,18192.38
2021/12/21 10:46:51,22.77,56.44,16644.10
2021/12/21 10:47:23,22.43,57.19,15031.30
2021/12/21 10:47:56,22.15,57.98,16386.05
2021/12/21 10:48:28,21.85,59.78,14128.13
2021/12/21 10:49:00,21.56,59.92,14450.69
2021/12/21 10:49:32,21.33,61.26,15031.30
2021/12/21 10:50:04,21.10,61.52,14321.67
2021/12/21 10:50:36,20.87,61.89,13805.57
2021/12/21 10:51:09,20.68,62.65,13095.94
2021/12/21 10:51:41,20.46,63.91,12386.30
2021/12/21 10:52:13,20.31,64.01,12063.74
2021/12/21 10:52:45,20.11,65.11,12063.74
2021/12/21 10:53:17,19.95,66.78,13187.69
2021/12/21 10:53:49,19.87,66.55,12902.40
2021/12/21 10:54:22,19.77,65.70,13289.47
2021/12/21 10:54:54,19.74,65.76,15547.39
2021/12/21 10:55:26,19.73,66.05,16192.51
2021/12/21 10:55:58,19.66,66.20,15418.37
2021/12/21 10:56:30,19.60,66.69,15482.88
2021/12/21 10:57:02,19.59,67.10,15224.83
2021/12/21 10:57:35,19.59,67.38,14579.71
2021/12/21 10:58:07,19.56,67.44,14063.62
2021/12/21 10:58:39,19.50,67.55,14063.62
2021/12/21 10:59:11,19.45,67.56,14386.18
2021/12/21 10:59:43,19.34,67.64,14902.27
2021/12/21 11:00:15,19.26,67.89,16515.07
2021/12/21 11:00:48,19.21,68.64,15934.47
2021/12/21 11:01:20,19.23,69.06,16902.14
2021/12/21 11:01:52,19.22,69.05,17289.22
2021/12/21 11:02:24,19.25,68.82,17160.19
2021/12/21 11:02:56,19.26,68.97,16644.10
2021/12/21 11:03:28,19.26,69.61,16192.51
2021/12/21 11:04:01,19.23,69.43,17031.17
2021/12/21 11:04:33,19.16,70.07,16773.12
2021/12/21 11:05:05,19.22,70.60,25288.71
2021/12/21 11:05:37,19.33,69.69,20772.87
2021/12/21 11:06:09,19.49,69.25,42319.87
2021/12/21 11:06:41,19.91,68.87,41287.68
2021/12/21 11:07:14,20.58,67.25,57802.75
2021/12/21 11:07:46,20.86,66.36,45158.40
2021/12/21 11:08:18,20.87,66.73,34062.34
2021/12/21 11:08:50,20.79,66.50,28127.23
2021/12/21 11:09:22,21.02,65.93,44344.12
2021/12/21 11:09:54,21.68,65.34,61931.52
2021/12/21 11:10:27,22.08,63.58,59351.04
2021/12/21 11:10:59,22.23,63.97,61157.37
2021/12/21 11:11:31,22.86,61.07,61673.47
2021/12/21 11:12:03,23.37,60.05,62189.57
2021/12/21 11:12:35,23.81,57.90,61415.43
2021/12/21 11:13:07,23.81,57.80,35868.67
2021/12/21 11:13:40,24.16,56.88,62447.62
2021/12/21 11:14:12,24.57,55.67,56701.75
2021/12/21 11:14:44,24.91,54.98,60383.24
2021/12/21 11:15:16,25.07,54.67,49803.27
2021/12/21 11:15:48,25.13,54.43,51351.55
2021/12/21 11:16:20,25.31,54.05,50319.37
2021/12/21 11:16:53,25.41,54.02,50835.46
2021/12/21 11:17:25,25.66,51.94,59609.09
2021/12/21 11:17:57,25.85,51.02,60641.29
2021/12/21 11:18:29,25.90,50.54,63479.81
2021/12/21 11:19:01,25.77,51.43,61409.70
2021/12/21 11:19:34,25.89,52.30,54964.22
2021/12/21 11:20:06,25.83,53.32,54706.18
2021/12/21 11:20:38,25.58,52.44,20147.81
2021/12/21 11:21:10,25.15,53.83,23095.30
2021/12/21 11:21:42,24.73,52.72,17418.24
2021/12/21 11:22:14,24.22,54.28,17160.19
2021/12/21 11:22:47,23.81,55.71,18063.36
2021/12/21 11:23:19,23.44,57.61,18579.46
2021/12/21 11:23:51,23.20,58.15,18966.53
2021/12/21 11:24:23,22.91,58.82,19482.62
2021/12/21 11:24:55,22.77,59.87,19869.70
2021/12/21 11:25:27,22.59,59.99,23482.37
2021/12/21 11:26:00,23.00,58.91,56512.52
2021/12/21 11:26:32,23.04,57.35,54448.13
2021/12/21 11:27:04,22.87,56.56,51867.65
2021/12/21 11:27:36,23.10,53.30,64271.16
2021/12/21 11:28:08,23.24,50.95,62705.66
2021/12/21 11:28:40,23.06,50.79,35610.62
2021/12/21 11:29:13,22.46,52.46,40817.46
2021/12/21 11:29:45,23.21,51.42,66576.39
2021/12/21 11:30:17,23.47,51.38,63995.91
2021/12/21 11:30:49,23.60,52.09,63399.53
2021/12/21 11:31:21,23.79,52.39,57028.61
2021/12/21 11:31:53,23.68,52.97,57802.75
2021/12/21 11:32:26,23.99,51.67,43650.25
2021/12/21 11:32:58,24.05,53.08,26449.92
2021/12/21 11:33:30,23.64,52.00,23998.46
2021/12/21 11:34:02,23.44,53.95,20643.84
2021/12/21 11:34:34,23.37,53.57,20901.89
2021/12/21 11:35:07,23.34,53.98,21417.99
2021/12/21 11:35:39,23.27,53.87,21767.78
2021/12/21 11:36:11,23.30,53.76,35094.53
2021/12/21 11:36:43,23.76,53.59,60383.24
2021/12/21 11:37:15,23.76,53.98,25417.73
2021/12/21 11:37:47,23.55,55.49,21030.91
2021/12/21 11:38:20,23.40,56.20,34836.48
2021/12/21 11:38:52,23.75,55.91,50319.37
2021/12/21 11:39:24,23.24,57.77,19095.55
2021/12/21 11:39:56,23.11,58.74,21159.94
2021/12/21 11:40:28,23.09,59.39,25159.68
2021/12/21 11:41:00,22.87,58.43,17289.22
2021/12/21 11:41:33,22.59,60.18,16902.14
2021/12/21 11:42:05,22.32,59.94,16773.12
2021/12/21 11:42:37,22.07,60.78,15289.34
2021/12/21 11:43:09,21.81,61.84,15160.32
2021/12/21 11:43:41,21.56,62.49,15095.81
2021/12/21 11:44:14,21.27,63.75,14773.25
2021/12/21 11:44:46,21.10,64.77,15224.83
2021/12/21 11:45:18,21.02,65.53,15547.39
2021/12/21 11:45:50,20.97,65.33,15740.93
2021/12/21 11:46:22,20.90,65.31,15934.47
2021/12/21 11:46:54,20.86,65.61,16450.56
2021/12/21 11:47:27,20.80,65.20,16644.10
2021/12/21 11:47:59,20.78,65.15,16450.56
2021/12/21 11:48:31,20.69,65.35,16192.51
2021/12/21 11:49:03,20.64,65.96,16128.00
2021/12/21 11:49:35,20.56,66.00,16063.49
2021/12/21 11:50:07,20.52,66.06,16386.05
2021/12/21 11:50:40,20.48,67.18,16128.00
2021/12/21 11:51:12,20.36,67.41,15934.47
2021/12/21 11:51:44,20.36,68.00,15869.95
2021/12/21 11:52:16,20.25,67.49,15547.39
2021/12/21 11:52:48,20.13,68.75,14644.22
2021/12/21 11:53:20,20.05,69.07,14321.67
2021/12/21 11:53:53,19.98,68.51,14450.69
2021/12/21 11:54:25,19.97,68.99,14837.76
2021/12/21 11:54:57,19.91,68.65,15031.30
2021/12/21 11:55:29,19.87,69.45,14644.22
2021/12/21 11:56:01,19.85,69.72,13741.06
2021/12/21 11:56:33,19.83,69.75,12966.91
2021/12/21 11:57:06,19.80,69.64,12644.35
2021/12/21 11:57:38,19.76,70.09,12579.84
2021/12/21 11:58:10,19.73,71.06,12515.33
2021/12/21 11:58:42,19.67,70.62,12644.35
2021/12/21 11:59:14,19.56,70.14,12773.38
2021/12/21 11:59:46,19.36,71.46,12966.91
2021/12/21 12:00:19,19.29,72.05,13289.47
2021/12/21 12:00:51,19.30,71.23,13741.06
2021/12/21 12:01:23,19.26,71.29,13870.08
2021/12/21 12:01:55,19.26,71.00,13934.59
2021/12/21 12:02:27,19.23,70.95,13676.54
2021/12/21 12:02:59,19.21,70.75,13934.59
2021/12/21 12:03:32,19.19,69.99,14192.64
2021/12/21 12:04:04,19.09,69.99,14192.64
2021/12/21 12:04:36,18.99,70.32,13999.10
2021/12/21 12:05:08,18.90,70.47,13741.06
2021/12/21 12:05:40,18.85,71.37,13353.99
2021/12/21 12:06:12,18.84,71.96,13095.94
2021/12/21 12:06:45,18.84,73.02,12708.87
2021/12/21 12:07:17,18.76,72.46,12450.82
2021/12/21 12:07:49,18.76,71.92,12386.30
2021/12/21 12:08:21,18.74,73.64,12644.35
2021/12/21 12:08:53,18.72,73.00,13224.96
2021/12/21 12:09:25,18.74,72.07,13741.06
2021/12/21 12:09:58,18.72,73.62,13999.10
2021/12/21 12:10:30,18.74,74.01,13999.10
2021/12/21 12:11:02,18.74,72.89,13999.10
2021/12/21 12:11:34,18.75,72.42,14386.18
2021/12/21 12:12:06,18.74,72.86,14966.79
2021/12/21 12:12:38,18.78,72.60,15740.93
2021/12/21 12:13:11,18.95,72.32,40771.59
2021/12/21 12:13:43,19.29,72.23,47480.84
2021/12/21 12:14:15,19.21,72.36,18966.53
2021/12/21 12:14:47,19.13,71.92,17934.34
2021/12/21 12:15:19,19.15,71.21,17547.27
2021/12/21 12:15:51,19.18,70.97,17289.22
2021/12/21 12:16:24,19.25,70.88,21805.06
2021/12/21 12:16:56,19.27,70.70,19482.62
2021/12/21 12:17:28,19.36,70.79,23095.30
2021/12/21 12:18:00,19.62,70.25,37675.01
2021/12/21 12:18:32,20.10,68.94,44642.31
2021/12/21 12:19:04,20.41,66.99,43610.11
2021/12/21 12:19:37,20.18,67.74,18708.48
2021/12/21 12:20:09,20.13,68.81,21030.91
2021/12/21 12:20:41,20.14,68.87,21547.01
2021/12/21 12:21:13,20.15,67.53,21822.26
2021/12/21 12:21:45,20.10,68.40,20127.75
2021/12/21 12:22:17,20.08,68.57,20385.79
2021/12/21 12:22:50,20.24,69.14,37675.01
2021/12/21 12:23:22,20.29,68.84,20165.02
2021/12/21 12:23:54,20.23,69.29,18966.53
2021/12/21 12:24:26,20.14,70.01,18450.43
2021/12/21 12:24:58,20.05,70.11,18708.48
2021/12/21 12:25:30,20.01,69.44,18837.50
2021/12/21 12:26:03,19.85,69.19,18708.48
2021/12/21 12:26:35,19.78,69.99,18837.50
2021/12/21 12:27:07,19.74,70.85,19482.62
2021/12/21 12:27:39,19.72,70.28,20385.79
2021/12/21 12:28:11,19.72,69.92,20901.89
2021/12/21 12:28:43,19.69,69.65,20901.89
2021/12/21 12:29:16,19.66,69.63,21030.91
2021/12/21 12:29:48,19.66,70.48,21934.08
2021/12/21 12:30:20,19.70,71.12,22708.22
2021/12/21 12:30:52,19.76,70.95,23611.39
2021/12/21 12:31:24,19.76,71.82,22966.27
2021/12/21 12:31:57,19.78,70.45,22192.13
2021/12/21 12:32:29,19.78,69.67,21676.03
2021/12/21 12:33:01,19.74,70.63,21030.91
2021/12/21 12:33:33,19.74,71.08,20385.79
2021/12/21 12:34:05,19.72,69.76,19869.70
2021/12/21 12:34:37,19.59,70.53,20127.75
2021/12/21 12:35:10,19.56,69.08,20772.87
2021/12/21 12:35:42,19.52,70.66,21805.06
2021/12/21 12:36:14,19.46,69.90,21934.08
2021/12/21 12:36:46,19.39,70.98,21934.08
2021/12/21 12:37:18,19.39,71.13,22708.22
2021/12/21 12:37:50,19.48,71.00,23740.42
2021/12/21 12:38:23,19.48,70.90,22966.27
2021/12/21 12:38:55,19.49,69.78,23998.46
2021/12/21 12:39:27,19.43,70.11,23353.35
2021/12/21 12:39:59,19.42,70.42,24514.56
2021/12/21 12:40:31,19.48,70.70,27095.04
2021/12/21 12:41:03,19.62,70.36,30449.67
2021/12/21 12:41:36,19.78,69.49,34320.38
2021/12/21 12:42:08,20.41,68.14,71737.34
2021/12/21 12:42:40,21.02,66.41,66094.70
2021/12/21 12:43:12,21.64,64.11,72769.54
2021/12/21 12:43:44,22.16,61.81,72253.44
2021/12/21 12:44:17,22.66,62.35,71737.34
2021/12/21 12:44:49,23.10,61.38,70705.16
2021/12/21 12:45:21,23.58,60.74,70189.06
2021/12/21 12:45:53,24.05,59.17,70705.16
2021/12/21 12:46:25,24.49,59.64,71221.25
2021/12/21 12:46:57,24.90,56.01,71737.34
2021/12/21 12:47:30,25.22,54.57,71737.34
2021/12/21 12:48:02,25.52,53.65,70705.16
2021/12/21 12:48:34,25.72,53.15,71221.25
2021/12/21 12:49:06,25.95,53.28,70189.06
2021/12/21 12:49:38,26.12,52.47,70189.06
2021/12/21 12:50:10,26.31,51.78,71221.25
2021/12/21 12:50:43,26.41,50.77,71737.34
2021/12/21 12:51:15,26.60,50.56,72253.44
2021/12/21 12:51:47,26.82,51.05,72769.54
2021/12/21 12:52:19,27.11,50.56,71737.34
2021/12/21 12:52:51,27.36,48.17,70705.16
2021/12/21 12:53:24,27.45,48.33,70705.16
2021/12/21 12:53:56,27.45,49.39,70705.16
2021/12/21 12:54:28,27.49,50.15,70189.06
2021/12/21 12:55:00,27.70,49.49,70705.16
2021/12/21 12:55:32,27.99,48.42,69672.97
2021/12/21 12:56:04,28.18,47.48,69672.97
2021/12/21 12:56:37,28.18,48.60,61673.47
2021/12/21 12:57:09,28.32,46.92,62963.72
2021/12/21 12:57:41,28.35,45.89,65286.14
2021/12/21 12:58:13,28.10,46.38,27353.09
2021/12/21 12:58:45,27.36,47.84,31868.93
2021/12/21 12:59:17,26.85,48.64,25159.68
2021/12/21 12:59:50,26.48,49.41,37933.06
2021/12/21 13:00:22,26.84,49.41,54706.18
2021/12/21 13:00:54,26.26,49.60,27998.21
2021/12/21 13:01:26,25.80,50.63,24901.63
2021/12/21 13:01:58,25.34,52.02,24127.49
2021/12/21 13:02:30,24.90,51.95,24827.08
2021/12/21 13:03:03,24.40,54.04,23998.46
2021/12/21 13:03:35,24.06,54.65,21934.08
2021/12/21 13:04:07,23.82,55.81,27496.45
2021/12/21 13:04:39,23.66,56.42,21288.96
2021/12/21 13:05:11,23.41,57.65,20514.82
2021/12/21 13:05:43,23.25,58.26,21547.01
2021/12/21 13:06:16,23.14,58.47,20901.89
2021/12/21 13:06:48,23.01,58.60,21288.96
2021/12/21 13:07:20,22.94,59.24,26062.85
2021/12/21 13:07:52,23.28,57.36,49545.21
2021/12/21 13:08:24,23.15,57.07,26707.97
2021/12/21 13:08:56,22.80,59.64,23611.39
2021/12/21 13:09:29,22.55,60.36,23095.30
2021/12/21 13:10:01,22.40,61.58,22837.25
2021/12/21 13:10:33,22.32,61.15,22708.22
2021/12/21 13:11:05,22.22,61.16,23740.42
2021/12/21 13:11:37,22.08,62.15,24385.54
2021/12/21 13:12:09,21.98,62.23,24901.63
2021/12/21 13:12:42,21.91,62.71,25933.82
2021/12/21 13:13:14,21.82,62.43,26578.94
2021/12/21 13:13:46,21.73,62.58,27186.79
2021/12/21 13:14:18,21.82,62.17,39481.34
2021/12/21 13:14:50,22.19,61.05,41287.68
2021/12/21 13:15:22,22.46,60.56,52882.64
2021/12/21 13:15:55,22.91,58.94,56254.46
2021/12/21 13:16:27,23.07,57.59,48254.98
2021/12/21 13:16:59,23.11,58.89,45416.45
2021/12/21 13:17:31,23.03,58.80,36642.82
2021/12/21 13:18:03,23.24,58.18,53415.94
2021/12/21 13:18:35,23.88,57.47,58834.95
2021/12/21 13:19:08,24.16,56.30,50061.32
2021/12/21 13:19:40,24.53,54.60,53932.04
2021/12/21 13:20:12,24.80,54.33,50061.32
2021/12/21 13:20:44,24.97,54.13,52125.70
2021/12/21 13:21:16,25.28,53.54,53932.04
2021/12/21 13:21:48,25.58,52.74,52125.70
2021/12/21 13:22:21,25.73,52.69,40771.59
2021/12/21 13:22:53,25.18,53.37,25159.68
2021/12/21 13:23:25,24.99,52.87,24901.63
2021/12/21 13:23:57,24.75,53.71,23869.44
2021/12/21 13:24:29,24.56,54.31,24884.43
2021/12/21 13:25:01,24.37,54.97,24256.51
2021/12/21 13:25:34,24.17,54.83,25933.82
2021/12/21 13:26:06,24.22,55.39,34062.34
2021/12/21 13:26:38,24.36,56.57,43094.02
2021/12/21 13:27:10,24.52,55.24,36900.87
2021/12/21 13:27:42,24.09,55.72,22837.25
2021/12/21 13:28:14,23.86,56.28,22450.18
2021/12/21 13:28:47,23.79,56.13,26836.99
2021/12/21 13:29:19,23.98,55.79,32126.98
2021/12/21 13:29:51,23.78,56.87,25621.30
2021/12/21 13:30:23,23.60,56.71,23740.42
2021/12/21 13:30:55,23.40,57.65,23998.46
2021/12/21 13:31:27,23.32,57.60,40232.55
2021/12/21 13:32:00,23.69,55.77,41287.68
2021/12/21 13:32:32,23.91,55.97,47222.79
2021/12/21 13:33:04,23.25,57.60,21417.99
2021/12/21 13:33:36,23.01,59.70,21547.01
2021/12/21 13:34:08,22.85,60.07,21417.99
2021/12/21 13:34:40,22.74,60.17,20385.79
2021/12/21 13:35:13,22.62,59.93,20127.75
2021/12/21 13:35:45,22.49,60.50,20127.75
2021/12/21 13:36:17,22.40,60.39,20385.79
2021/12/21 13:36:49,22.31,60.16,22321.15
2021/12/21 13:37:21,22.45,60.46,41803.78
2021/12/21 13:37:53,22.97,57.65,43610.11
2021/12/21 13:38:26,23.18,57.52,43352.07
2021/12/21 13:38:58,23.41,58.07,42096.23
2021/12/21 13:39:30,23.72,58.36,46190.59
2021/12/21 13:40:02,24.11,56.79,45932.54
2021/12/21 13:40:34,24.46,55.88,46964.74
2021/12/21 13:41:06,24.64,53.37,47996.93
2021/12/21 13:41:39,24.57,54.49,48513.02
2021/12/21 13:42:11,24.78,53.93,49029.12
2021/12/21 13:42:43,25.03,53.02,49029.12
2021/12/21 13:43:15,25.28,52.37,48771.07
2021/12/21 13:43:47,25.45,52.40,44900.36
2021/12/21 13:44:20,25.65,51.98,47222.79
2021/12/21 13:44:52,25.22,53.33,28643.33
2021/12/21 13:45:24,25.14,53.79,30707.71
2021/12/21 13:45:56,24.95,53.78,28256.26
2021/12/21 13:46:28,24.66,53.25,26578.94
2021/12/21 13:47:00,24.29,53.92,26062.85
2021/12/21 13:47:33,23.95,53.98,25675.78
2021/12/21 13:48:05,23.54,55.71,23482.37
2021/12/21 13:48:37,23.24,57.11,22192.13
2021/12/21 13:49:09,22.99,57.92,22321.15
2021/12/21 13:49:41,22.91,58.75,26836.99
2021/12/21 13:50:13,23.40,58.21,41545.73
2021/12/21 13:50:46,23.58,57.37,37933.06
2021/12/21 13:51:18,23.62,56.91,35610.62
2021/12/21 13:51:50,23.68,56.24,39739.39
2021/12/21 13:52:22,24.01,55.78,46448.64
2021/12/21 13:52:54,24.30,56.57,47738.89
2021/12/21 13:53:26,24.46,55.18,38191.11
2021/12/21 13:53:59,24.19,54.90,31610.88
2021/12/21 13:54:31,24.06,55.22,29030.40
2021/12/21 13:55:03,24.19,54.75,41029.63
2021/12/21 13:55:35,24.46,53.72,46706.69
2021/12/21 13:56:07,24.02,55.39,24256.51
2021/12/21 13:56:39,23.72,56.78,26449.92
2021/12/21 13:57:12,23.48,57.26,25804.80
2021/12/21 13:57:44,23.37,57.34,29417.47
2021/12/21 13:58:16,23.24,57.82,24643.58
2021/12/21 13:58:48,23.11,58.04,23095.30
2021/12/21 13:59:20,22.93,59.47,22321.15
2021/12/21 13:59:52,22.77,59.29,21805.06
2021/12/21 14:00:25,22.64,59.23,21547.01
2021/12/21 14:00:57,22.50,59.65,22450.18
2021/12/21 14:01:29,22.45,61.81,46970.47
2021/12/21 14:02:01,22.36,60.52,25288.71
2021/12/21 14:02:33,22.35,61.72,27998.21
2021/12/21 14:03:05,22.31,61.72,27095.04
2021/12/21 14:03:38,22.27,61.12,28385.28
2021/12/21 14:04:10,22.43,60.76,29675.52
2021/12/21 14:04:42,22.29,60.97,29288.45
2021/12/21 14:05:14,22.25,60.99,27482.11
2021/12/21 14:05:46,22.12,61.27,25933.82
2021/12/21 14:06:18,21.99,61.77,25675.78
2021/12/21 14:06:51,21.95,61.44,25675.78
2021/12/21 14:07:23,21.85,61.07,24331.06
2021/12/21 14:07:55,21.73,62.31,23095.30
2021/12/21 14:08:27,21.77,63.02,31868.93
2021/12/21 14:08:59,21.61,63.39,22986.34
2021/12/21 14:09:31,21.50,63.07,20643.84
2021/12/21 14:10:04,21.38,62.85,22966.27
2021/12/21 14:10:36,21.25,64.00,25030.66
2021/12/21 14:11:08,21.82,62.39,42337.08
2021/12/21 14:11:40,22.19,60.96,43868.16
2021/12/21 14:12:12,22.52,61.36,44126.21
2021/12/21 14:12:44,22.76,60.44,43868.16
2021/12/21 14:13:17,22.94,59.94,43868.16
2021/12/21 14:13:49,23.18,60.14,41545.73
2021/12/21 14:14:21,23.27,60.23,44126.21
2021/12/21 14:14:53,23.20,59.13,30191.62
2021/12/21 14:15:25,23.15,59.34,29675.52
2021/12/21 14:15:58,23.13,58.94,17805.31
2021/12/21 14:16:30,22.94,59.70,17031.17
2021/12/21 14:17:02,22.99,59.72,24772.61
2021/12/21 14:17:34,23.23,58.50,31868.93
2021/12/21 14:18:06,23.34,58.61,35627.83
2021/12/21 14:18:38,23.50,57.27,34320.38
2021/12/21 14:19:11,23.42,57.78,21805.06
2021/12/21 14:19:43,23.25,57.35,18579.46
2021/12/21 14:20:15,23.07,59.00,16450.56
2021/12/21 14:20:47,22.83,58.10,14773.25
2021/12/21 14:21:19,22.55,59.17,13676.54
2021/12/21 14:21:51,22.28,59.45,13133.21
2021/12/21 14:22:24,22.08,59.83,13095.94
2021/12/21 14:22:56,21.88,62.20,13353.99
2021/12/21 14:23:28,21.67,62.25,13547.52
2021/12/21 14:24:00,21.44,63.11,13741.06
2021/12/21 14:24:32,21.34,63.23,13999.10
2021/12/21 14:25:04,21.27,63.39,13805.57
2021/12/21 14:25:37,21.17,63.41,13676.54
2021/12/21 14:26:09,20.99,64.31,13418.50
2021/12/21 14:26:41,20.92,65.59,12257.28
2021/12/21 14:27:13,20.85,64.50,16515.07
2021/12/21 14:27:45,20.71,64.94,12063.74
2021/12/21 14:28:17,20.51,64.80,12386.30
2021/12/21 14:28:50,20.41,65.46,12966.91
2021/12/21 14:29:22,20.25,66.22,11676.67
2021/12/21 14:29:54,20.13,67.06,11676.67
2021/12/21 14:30:26,20.05,66.46,12321.79
2021/12/21 14:30:58,19.87,67.03,12128.26
2021/12/21 14:31:30,19.77,68.53,12450.82
2021/12/21 14:32:03,19.73,66.91,12837.89
2021/12/21 14:32:35,19.64,67.11,13483.01
2021/12/21 14:33:07,19.59,67.80,17289.22
2021/12/21 14:33:39,19.57,68.00,18450.43
2021/12/21 14:34:11,19.49,68.02,16515.07
2021/12/21 14:34:43,19.43,68.24,16644.10
2021/12/21 14:35:16,19.39,68.77,16257.02
2021/12/21 14:35:48,19.40,68.75,17805.31
2021/12/21 14:36:20,19.39,69.15,18966.53
2021/12/21 14:36:52,19.40,69.06,18450.43
2021/12/21 14:37:24,19.42,68.86,18450.43
2021/12/21 14:37:56,19.45,69.17,17934.34
2021/12/21 14:38:29,19.45,68.99,17676.29
2021/12/21 14:39:01,19.50,68.71,16902.14
2021/12/21 14:39:33,19.45,69.14,15676.42
2021/12/21 14:40:05,19.37,69.41,14257.15
2021/12/21 14:40:37,19.34,69.28,13289.47
2021/12/21 14:41:09,19.34,70.00,14192.64
2021/12/21 14:41:42,19.53,70.15,25804.80
2021/12/21 14:42:14,19.59,69.95,18966.53
2021/12/21 14:42:46,19.45,70.23,12966.91
2021/12/21 14:43:18,19.40,69.76,12966.91
2021/12/21 14:43:50,19.37,69.64,12450.82
2021/12/21 14:44:22,19.29,69.49,11418.62
2021/12/21 14:44:55,19.18,69.76,10192.90
2021/12/21 14:45:27,19.06,69.39,9197.98
2021/12/21 14:45:59,18.95,70.17,8773.63
2021/12/21 14:46:31,18.90,70.64,9483.26
2021/12/21 14:47:03,18.84,71.05,9289.73
2021/12/21 14:47:35,18.75,70.55,8967.17
2021/12/21 14:48:08,18.70,69.95,8838.14
2021/12/21 14:48:40,18.64,70.67,8709.12
2021/12/21 14:49:12,18.54,70.59,8515.58
2021/12/21 14:49:44,18.46,70.95,8515.58
2021/12/21 14:50:16,18.41,71.32,8709.12
2021/12/21 14:50:48,18.40,72.23,9418.75
2021/12/21 14:51:21,18.41,71.94,15289.34
2021/12/21 14:51:53,18.47,70.78,10708.99
2021/12/21 14:52:25,18.46,72.40,10902.53
2021/12/21 14:52:57,18.41,72.17,12773.38
2021/12/21 14:53:29,18.51,71.68,13289.47
2021/12/21 14:54:01,18.46,72.65,13289.47
2021/12/21 14:54:34,18.48,73.47,13289.47
2021/12/21 14:55:06,18.52,72.14,12579.84
2021/12/21 14:55:38,18.58,73.05,12257.28
2021/12/21 14:56:10,18.62,72.91,12128.26
2021/12/21 14:56:42,18.68,72.16,11289.60
2021/12/21 14:57:14,18.67,72.61,10708.99
2021/12/21 14:57:47,18.65,72.68,10386.43
2021/12/21 14:58:19,18.62,72.75,9999.36
2021/12/21 14:58:51,18.61,73.39,9418.75
2021/12/21 14:59:23,18.55,72.67,8967.17
2021/12/21 14:59:55,18.47,73.58,8902.66
2021/12/21 15:00:27,18.51,73.32,9934.85
2021/12/21 15:01:00,18.41,73.43,9160.70
2021/12/21 15:01:32,18.37,73.35,9999.36
2021/12/21 15:02:04,18.31,74.16,10967.04
2021/12/21 15:02:36,18.29,74.30,11225.09
2021/12/21 15:03:08,18.26,74.24,9741.31
2021/12/21 15:03:40,18.24,74.68,10321.92
2021/12/21 15:04:13,18.26,73.89,9418.75
2021/12/21 15:04:45,18.26,73.79,8709.12
2021/12/21 15:05:17,18.23,74.04,8451.07
2021/12/21 15:05:49,18.26,73.92,9031.68
2021/12/21 15:06:21,18.29,74.07,9031.68
2021/12/21 15:06:54,18.29,74.01,8967.17
2021/12/21 15:07:26,18.24,74.45,8644.61
2021/12/21 15:07:58,18.16,74.62,8580.10
2021/12/21 15:08:30,18.11,75.48,8644.61
2021/12/21 15:09:02,18.09,74.94,8709.12
2021/12/21 15:09:34,18.04,74.85,8967.17
2021/12/21 15:10:07,18.01,75.35,9547.78
2021/12/21 15:10:39,17.99,75.61,9870.34
2021/12/21 15:11:11,17.97,76.11,9870.34
2021/12/21 15:11:43,18.00,75.98,9547.78
2021/12/21 15:12:15,18.00,76.32,9004.44
2021/12/21 15:12:47,17.99,76.46,8257.54
2021/12/21 15:13:20,18.00,76.44,7612.42
2021/12/21 15:13:52,18.00,76.59,7160.83
2021/12/21 15:14:24,17.94,76.60,7128.58
2021/12/21 15:14:56,17.94,76.44,7547.90
2021/12/21 15:15:28,17.94,77.47,7547.90
2021/12/21 15:16:00,17.90,76.18,7386.62
2021/12/21 15:16:33,17.88,76.52,7386.62
2021/12/21 15:17:05,17.85,77.02,8451.07
2021/12/21 15:17:37,17.88,76.11,9418.75
2021/12/21 15:18:09,17.83,75.95,9676.80
2021/12/21 15:18:41,17.80,76.28,9096.19
2021/12/21 15:19:13,17.80,76.72,9289.73
2021/12/21 15:19:46,17.79,77.08,8644.61
2021/12/21 15:20:18,17.78,76.79,8322.05
2021/12/21 15:20:50,17.88,76.60,9096.19
2021/12/21 15:21:22,18.14,76.25,14579.71
2021/12/21 15:21:54,18.52,74.90,16321.54
2021/12/21 15:22:26,18.85,74.21,17031.17
2021/12/21 15:22:59,19.15,73.30,17289.22
2021/12/21 15:23:31,19.42,72.64,17418.24
2021/12/21 15:24:03,19.67,73.07,17934.34
2021/12/21 15:24:35,19.95,71.06,18063.36
2021/12/21 15:25:07,20.11,71.02,11225.09
2021/12/21 15:25:40,19.98,71.02,10515.46
2021/12/21 15:26:12,19.97,71.28,9612.29
2021/12/21 15:26:44,19.91,71.10,10579.97
2021/12/21 15:27:16,19.87,70.60,11096.06
2021/12/21 15:27:48,19.81,70.13,9289.73
2021/12/21 15:28:20,19.62,69.93,8644.61
2021/12/21 15:28:53,19.42,70.95,8580.10
2021/12/21 15:29:25,19.22,69.81,9031.68
2021/12/21 15:29:57,19.09,71.73,9354.24
2021/12/21 15:30:29,18.94,73.32,9676.80
2021/12/21 15:31:01,18.87,73.78,9999.36
2021/12/21 15:31:33,18.79,73.37,10128.38
2021/12/21 15:32:06,18.71,73.53,10192.90
2021/12/21 15:32:38,18.61,73.10,10708.99
2021/12/21 15:33:10,18.75,73.96,15805.44
2021/12/21 15:33:42,18.97,71.86,16128.00
2021/12/21 15:34:14,18.97,71.53,15740.93
2021/12/21 15:34:46,19.08,71.45,7912.76
2021/12/21 15:35:19,18.78,71.84,8386.56
2021/12/21 15:35:51,18.68,72.98,7160.83
2021/12/21 15:36:23,18.57,73.90,7128.58
2021/12/21 15:36:55,18.51,73.47,7607.40
2021/12/21 15:37:27,18.36,73.15,7773.70
2021/12/21 15:37:59,18.26,74.06,8322.05
2021/12/21 15:38:32,18.19,74.00,8451.07
2021/12/21 15:39:04,18.14,73.89,8681.88
2021/12/21 15:39:36,18.13,74.08,8257.54
2021/12/21 15:40:08,18.04,71.28,7386.62
2021/12/21 15:40:40,18.01,71.38,8451.07
2021/12/21 15:41:12,18.20,72.55,11713.95
2021/12/21 15:41:45,18.21,72.73,9870.34
2021/12/21 15:42:17,18.03,72.46,6322.18
2021/12/21 15:42:49,17.96,72.77,6257.66
2021/12/21 15:43:21,17.96,73.42,6515.71
2021/12/21 15:43:53,17.93,73.26,6354.43
2021/12/21 15:44:25,17.88,72.81,6128.64
2021/12/21 15:44:58,17.85,73.97,6096.38
2021/12/21 15:45:30,17.80,73.63,6289.92
2021/12/21 15:46:02,17.72,72.79,6580.22
2021/12/21 15:46:34,17.65,73.04,6547.97
2021/12/21 15:47:06,17.58,72.60,6064.13
2021/12/21 15:47:38,17.48,73.13,5483.52
2021/12/21 15:48:11,17.38,74.27,5580.29
2021/12/21 15:48:43,17.24,74.47,5741.57
2021/12/21 15:49:15,17.21,75.29,5935.10
2021/12/21 15:49:47,17.15,75.61,5838.34
2021/12/21 15:50:19,17.15,75.66,5935.10
2021/12/21 15:50:52,17.17,76.07,6580.22
2021/12/21 15:51:24,17.14,73.15,7257.60
2021/12/21 15:51:56,17.13,72.48,7386.62
2021/12/21 15:52:28,17.07,73.62,6967.30
2021/12/21 15:53:00,17.04,74.52,6386.69
2021/12/21 15:53:32,17.42,74.19,9418.75
2021/12/21 15:54:04,17.29,74.26,7064.06
2021/12/21 15:54:37,17.53,75.74,8193.02
2021/12/21 15:55:09,17.49,75.57,7934.98
2021/12/21 15:55:41,17.90,74.87,10848.05
2021/12/21 15:56:13,18.04,74.56,11483.14
2021/12/21 15:56:45,18.21,69.60,9999.36
2021/12/21 15:57:18,18.03,72.58,9547.78
2021/12/21 15:57:50,18.13,71.84,12155.49
2021/12/21 15:58:22,18.20,69.91,12644.35
2021/12/21 15:58:54,18.17,70.50,11547.65
2021/12/21 15:59:26,18.11,69.72,11096.06
2021/12/21 15:59:58,18.01,71.31,9805.82
2021/12/21 16:00:31,17.94,71.85,8580.10
2021/12/21 16:01:03,17.92,72.39,7515.65
2021/12/21 16:01:35,17.85,70.78,6612.48
2021/12/21 16:02:07,17.80,70.09,6418.94
2021/12/21 16:02:39,17.73,70.88,6257.66
2021/12/21 16:03:11,17.70,70.90,6515.71
2021/12/21 16:03:44,17.66,73.41,6773.76
2021/12/21 16:04:16,17.68,71.73,6547.97
2021/12/21 16:04:48,17.66,71.39,6515.71
2021/12/21 16:05:20,17.65,72.01,6676.99
2021/12/21 16:05:52,17.61,73.06,6709.25
2021/12/21 16:06:24,17.56,71.89,6193.15
2021/12/21 16:06:57,17.55,72.18,6064.13
2021/12/21 16:07:29,17.46,72.86,5870.59
2021/12/21 16:08:01,17.42,73.80,5741.57
2021/12/21 16:08:33,17.37,70.53,5548.03
2021/12/21 16:09:05,17.28,71.11,5451.26
2021/12/21 16:09:37,17.19,71.39,5354.50
2021/12/21 16:10:10,17.11,71.41,5225.47
2021/12/21 16:10:42,17.03,71.63,5322.24
2021/12/21 16:11:14,16.98,72.21,5612.54
2021/12/21 16:11:46,16.92,73.68,5902.85
2021/12/21 16:12:18,16.88,73.86,5967.36
2021/12/21 16:12:50,16.87,73.59,6064.13
2021/12/21 16:13:23,16.86,73.61,6064.13
2021/12/21 16:13:55,16.84,76.66,5967.36
2021/12/21 16:14:27,16.81,75.62,5935.10
2021/12/21 16:14:59,16.78,76.24,5902.85
2021/12/21 16:15:31,16.76,77.69,5709.31
2021/12/21 16:16:03,16.71,77.68,5451.26
2021/12/21 16:16:36,16.68,77.56,5322.24
2021/12/21 16:17:08,16.66,77.83,5193.22
2021/12/21 16:17:40,16.63,77.76,4902.91
2021/12/21 16:18:12,16.59,78.01,4515.84
2021/12/21 16:18:44,16.54,78.42,4225.54
2021/12/21 16:19:16,16.50,80.97,4080.38
2021/12/21 16:19:49,16.47,79.27,3999.74
2021/12/21 16:20:21,16.39,79.63,3999.74
2021/12/21 16:20:53,16.36,79.41,4064.26
2021/12/21 16:21:25,16.33,80.01,3967.49
2021/12/21 16:21:57,16.29,79.64,3919.10
2021/12/21 16:22:29,16.25,80.55,4112.64
2021/12/21 16:23:02,16.23,80.85,4112.64
2021/12/21 16:23:34,16.22,81.55,4225.54
2021/12/21 16:24:06,16.16,81.91,4515.84
2021/12/21 16:24:38,16.16,82.43,4967.42
2021/12/21 16:25:10,16.12,81.77,5160.96
2021/12/21 16:25:42,16.11,81.97,4870.66
2021/12/21 16:26:15,16.06,82.21,4612.61
2021/12/21 16:26:47,16.03,82.49,4451.33
2021/12/21 16:27:19,16.01,82.41,4290.05
2021/12/21 16:27:51,15.96,82.77,4128.77
2021/12/21 16:28:23,15.91,82.75,4128.77
2021/12/21 16:28:55,15.88,82.65,4128.77
2021/12/21 16:29:28,15.84,82.33,4128.77
2021/12/21 16:30:00,15.81,82.37,4048.13
2021/12/21 16:30:32,15.78,82.34,3951.36
2021/12/21 16:31:04,15.74,82.36,3886.85
2021/12/21 16:31:36,15.74,82.69,3967.49
2021/12/21 16:32:08,15.71,82.57,4128.77
2021/12/21 16:32:41,15.65,82.79,4322.30
2021/12/21 16:33:13,15.65,82.86,4548.10
2021/12/21 16:33:45,15.62,83.97,4644.86
2021/12/21 16:34:17,15.61,83.81,4773.89
2021/12/21 16:34:49,15.62,83.56,4902.91
2021/12/21 16:35:21,15.61,82.98,4709.38
2021/12/21 16:35:54,15.58,83.09,4612.61
2021/12/21 16:36:26,15.55,83.58,4741.63
2021/12/21 16:36:58,15.57,83.29,4709.38
2021/12/21 16:37:30,15.54,83.20,4580.35
2021/12/21 16:38:02,15.52,83.06,4515.84
2021/12/21 16:38:34,15.50,82.89,4354.56
2021/12/21 16:39:07,15.47,82.83,4193.28
2021/12/21 16:39:39,15.45,83.45,4064.26
2021/12/21 16:40:11,15.44,83.20,3935.23
2021/12/21 16:40:43,15.41,83.29,4015.87
2021/12/21 16:41:15,15.38,83.41,4080.38
2021/12/21 16:41:47,15.35,83.47,4080.38
2021/12/21 16:42:20,15.31,83.72,4161.02
2021/12/21 16:42:52,15.34,83.76,4225.54
2021/12/21 16:43:24,15.34,83.88,4290.05
2021/12/21 16:43:56,15.33,83.63,4354.56
2021/12/21 16:44:28,15.33,83.83,4290.05
2021/12/21 16:45:00,15.34,84.24,4322.30
2021/12/21 16:45:33,15.34,84.55,4515.84
2021/12/21 16:46:05,15.34,84.59,4741.63
2021/12/21 16:46:37,15.35,84.27,4709.38
2021/12/21 16:47:09,15.37,83.74,4515.84
2021/12/21 16:47:41,15.37,84.32,4451.33
2021/12/21 16:48:13,15.37,84.44,4548.10
2021/12/21 16:48:46,15.38,84.10,4515.84
2021/12/21 16:49:18,15.38,84.35,4515.84
2021/12/21 16:49:50,15.40,85.01,4515.84
2021/12/21 16:50:22,15.40,85.91,4548.10
2021/12/21 16:50:54,15.41,86.04,4644.86
2021/12/21 16:51:27,15.41,85.51,4612.61
2021/12/21 16:51:59,15.44,85.38,4419.07
2021/12/21 16:52:31,15.40,84.34,4290.05
2021/12/21 16:53:03,15.41,84.61,4290.05
2021/12/21 16:53:35,15.43,85.66,4290.05
2021/12/21 16:54:07,15.41,84.91,4322.30
2021/12/21 16:54:40,15.41,84.96,4290.05
2021/12/21 16:55:12,15.43,85.07,4290.05
2021/12/21 16:55:44,15.40,84.72,4515.84
2021/12/21 16:56:16,15.41,85.80,4612.61
2021/12/21 16:56:48,15.41,85.21,4515.84
2021/12/21 16:57:20,15.40,84.92,4419.07
2021/12/21 16:57:53,15.43,85.12,4354.56
2021/12/21 16:58:25,15.41,85.72,4354.56
2021/12/21 16:58:57,15.41,85.77,4354.56
2021/12/21 16:59:29,15.41,85.13,4354.56
2021/12/21 17:00:01,15.43,85.53,4419.07
2021/12/21 17:00:33,15.41,86.03,4451.33
2021/12/21 17:01:06,15.43,85.18,4451.33
2021/12/21 17:01:38,15.41,85.33,4257.79
2021/12/21 17:02:10,15.40,84.82,3983.62
2021/12/21 17:02:42,15.40,85.83,3773.95
2021/12/21 17:03:14,15.40,85.39,3628.80
2021/12/21 17:03:46,15.38,85.61,3515.90
2021/12/21 17:04:19,15.35,85.09,3435.26
2021/12/21 17:04:51,15.35,86.58,3338.50
2021/12/21 17:05:23,15.33,85.84,3225.60
2021/12/21 17:05:55,15.33,86.20,3290.11
2021/12/21 17:06:27,15.34,86.20,3354.62
2021/12/21 17:06:59,15.31,86.04,3419.14
2021/12/21 17:07:32,15.29,86.58,3499.78
2021/12/21 17:08:04,15.29,86.11,3628.80
2021/12/21 17:08:36,15.29,86.57,3725.57
2021/12/21 17:09:08,15.27,86.17,3773.95
2021/12/21 17:09:40,15.26,85.92,3773.95
2021/12/21 17:10:12,15.26,86.05,3741.70
2021/12/21 17:10:45,15.23,85.86,3693.31
2021/12/21 17:11:17,15.21,86.01,3580.42
2021/12/21 17:11:49,15.21,86.22,3483.65
2021/12/21 17:12:21,15.21,86.30,3467.52
2021/12/21 17:12:53,15.21,87.29,3467.52
2021/12/21 17:13:26,15.21,86.54,3435.26
2021/12/21 17:13:58,15.20,86.23,3370.75
2021/12/21 17:14:30,15.21,87.14,3322.37
2021/12/21 17:15:02,15.23,87.40,3225.60
2021/12/21 17:15:34,15.23,87.81,3144.96
2021/12/21 17:16:06,15.24,87.19,3048.19
2021/12/21 17:16:39,15.26,87.11,2935.30
2021/12/21 17:17:11,15.24,86.52,2806.27
2021/12/21 17:17:43,15.24,86.38,2757.89
2021/12/21 17:18:15,15.26,86.18,2709.50
2021/12/21 17:18:47,15.24,86.11,2644.99
2021/12/21 17:19:19,15.24,86.04,2693.38
2021/12/21 17:19:52,15.21,86.21,2677.25
2021/12/21 17:20:24,15.20,86.17,2677.25
2021/12/21 17:20:56,15.21,86.57,2757.89
2021/12/21 17:21:28,15.17,86.81,2822.40
2021/12/21 17:22:00,15.20,86.86,2806.27
2021/12/21 17:22:32,15.14,87.41,2806.27
2021/12/21 17:23:05,15.13,87.81,2725.63
2021/12/21 17:23:37,15.11,87.27,2612.74
2021/12/21 17:24:09,15.07,86.99,2548.22
2021/12/21 17:24:41,15.09,86.93,2499.84
2021/12/21 17:25:13,15.06,86.72,2451.46
2021/12/21 17:25:45,15.06,86.66,2354.69
2021/12/21 17:26:18,15.03,86.66,2257.92
2021/12/21 17:26:50,14.99,86.87,2161.15
2021/12/21 17:27:22,14.97,86.94,2080.51
2021/12/21 17:27:54,14.94,87.17,2007.94
2021/12/21 17:28:26,14.92,88.02,1911.17
2021/12/21 17:28:58,14.89,87.43,1846.66
2021/12/21 17:29:31,14.86,87.35,1798.27
2021/12/21 17:30:03,14.82,87.46,1766.02
2021/12/21 17:30:35,14.76,87.57,1733.76
2021/12/21 17:31:07,14.76,87.53,1677.31
2021/12/21 17:31:39,14.73,87.58,1604.74
2021/12/21 17:32:11,14.69,87.39,1548.29
2021/12/21 17:32:44,14.63,87.15,1499.90
2021/12/21 17:33:16,14.62,87.20,1451.52
2021/12/21 17:33:48,14.55,87.49,1411.20
2021/12/21 17:34:20,14.51,87.59,1362.82
2021/12/21 17:34:52,14.45,87.45,1322.50
2021/12/21 17:35:24,14.41,87.47,1282.18
2021/12/21 17:35:57,14.38,87.36,1249.92
2021/12/21 17:36:29,14.33,87.57,1217.66
2021/12/21 17:37:01,14.28,87.73,1193.47
2021/12/21 17:37:33,14.22,88.68,1112.83
2021/12/21 17:38:05,14.17,88.69,1072.51
2021/12/21 17:38:37,14.12,88.57,1032.19
2021/12/21 17:39:10,14.08,88.48,999.94
2021/12/21 17:39:42,14.04,88.60,955.58
2021/12/21 17:40:14,14.01,88.75,915.26
2021/12/21 17:40:46,13.96,89.07,883.01
2021/12/21 17:41:18,13.90,89.06,846.72
2021/12/21 17:41:51,13.87,89.45,814.46
2021/12/21 17:42:23,13.81,89.18,778.18
2021/12/21 17:42:55,13.78,89.02,741.89
2021/12/21 17:43:27,13.74,89.39,709.63
2021/12/21 17:43:59,13.73,89.19,677.38
2021/12/21 17:44:31,13.67,89.28,645.12
2021/12/21 17:45:04,13.64,89.40,616.90
2021/12/21 17:45:36,13.61,89.42,588.67
2021/12/21 17:46:08,13.58,89.52,564.48
2021/12/21 17:46:40,13.54,89.76,536.26
2021/12/21 17:47:12,13.51,89.85,508.03
2021/12/21 17:47:44,13.49,90.03,479.81
2021/12/21 17:48:17,13.45,89.93,451.58
2021/12/21 17:48:49,13.43,89.82,425.38
2021/12/21 17:49:21,13.42,89.77,401.18
2021/12/21 17:49:53,13.37,89.94,376.99
2021/12/21 17:50:25,13.32,90.25,356.83
2021/12/21 17:50:57,13.30,90.31,336.67
2021/12/21 17:51:30,13.27,90.81,316.51
2021/12/21 17:52:02,13.25,90.49,298.37
2021/12/21 17:52:34,13.19,90.49,280.22
2021/12/21 17:53:06,13.16,90.74,264.10
2021/12/21 17:53:38,13.13,90.68,246.96
2021/12/21 17:54:10,13.10,90.73,230.83
2021/12/21 17:54:43,13.06,90.76,215.71
2021/12/21 17:55:15,13.05,90.68,201.60
2021/12/21 17:55:47,13.00,90.79,186.48
2021/12/21 17:56:19,13.02,90.97,172.37
2021/12/21 17:56:51,12.96,91.18,159.26
2021/12/21 17:57:23,12.94,91.04,146.16
2021/12/21 17:57:56,12.94,90.96,133.06
2021/12/21 17:58:28,12.92,90.77,121.46
2021/12/21 17:59:00,12.89,90.84,109.87
2021/12/21 17:59:32,12.86,90.95,99.29
2021/12/21 18:00:04,12.84,91.07,89.21
2021/12/21 18:00:36,12.79,91.06,80.14
2021/12/21 18:01:09,12.76,91.17,71.57
2021/12/21 18:01:41,12.74,91.30,64.26
2021/12/21 18:02:13,12.72,91.59,57.46
2021/12/21 18:02:45,12.64,91.40,50.90
2021/12/21 18:03:17,12.65,91.34,45.36
2021/12/21 18:03:49,12.64,91.63,40.07
2021/12/21 18:04:22,12.62,91.86,35.28
2021/12/21 18:04:54,12.58,91.86,15.56
2021/12/21 18:05:26,12.56,92.03,13.73
2021/12/21 18:05:58,12.54,91.86,11.97
2021/12/21 18:06:30,12.51,91.88,10.46
2021/12/21 18:07:02,12.48,91.61,9.07
2021/12/21 18:07:35,12.45,91.83,15.75
2021/12/21 18:08:07,12.44,91.89,13.73
2021/12/21 18:08:39,12.41,91.85,11.84
2021/12/21 18:09:11,12.41,91.92,10.21
2021/12/21 18:09:43,12.40,91.87,8.88
2021/12/21 18:10:15,12.38,92.00,7.69
2021/12/21 18:10:48,12.35,92.58,6.61
2021/12/21 18:11:20,12.34,92.39,5.73
2021/12/21 18:11:52,12.31,92.66,5.04
2021/12/21 18:12:24,12.30,92.55,4.35
2021/12/21 18:12:56,12.27,93.01,3.84
2021/12/21 18:13:28,12.30,92.78,3.28
2021/12/21 18:14:01,12.30,92.77,2.90
2021/12/21 18:14:33,12.24,92.45,2.52
2021/12/21 18:15:05,12.23,92.47,2.14
2021/12/21 18:15:37,12.21,92.49,1.89
2021/12/21 18:16:09,12.21,92.63,1.70
2021/12/21 18:16:41,12.19,92.61,1.51
2021/12/21 18:17:14,12.17,92.33,1.26
2021/12/21 18:17:46,12.16,92.34,1.13
2021/12/21 18:18:18,12.13,92.39,0.94
2021/12/21 18:18:50,12.14,92.22,0.88
2021/12/21 18:19:22,12.08,92.50,0.76
2021/12/21 18:19:55,12.05,92.30,0.69
2021/12/21 18:20:27,12.05,92.29,0.63
2021/12/21 18:20:59,12.05,92.27,0.57
2021/12/21 18:21:31,12.05,92.25,0.50
2021/12/21 18:22:03,12.01,92.21,0.38
2021/12/21 18:22:35,12.01,92.25,0.38
2021/12/21 18:23:08,11.98,92.56,0.31
2021/12/21 18:23:40,11.96,92.70,0.31
2021/12/21 18:24:12,11.96,92.81,0.31
2021/12/21 18:24:44,11.96,92.49,0.25
2021/12/21 18:25:16,11.97,92.45,0.25
2021/12/21 18:25:48,11.92,92.51,0.25
2021/12/21 18:26:21,11.93,92.90,0.19
2021/12/21 18:26:53,11.93,92.65,0.19
2021/12/21 18:27:25,11.93,92.70,0.19
2021/12/21 18:27:57,11.92,92.52,0.13
2021/12/21 18:28:29,11.90,92.76,0.13
2021/12/21 18:29:01,11.89,92.68,0.13
2021/12/21 18:29:34,11.87,92.77,0.06
2021/12/21 18:30:06,11.89,92.71,0.06
2021/12/21 18:30:38,11.84,92.48,0.06
2021/12/21 18:31:10,11.82,92.39,0.06
2021/12/21 18:31:42,11.77,92.41,0.06
2021/12/21 18:32:14,11.77,92.67,0.06
2021/12/21 18:32:47,11.74,92.94,0.06
2021/12/21 18:33:19,11.74,92.89,0.06
2021/12/21 18:33:51,11.73,93.06,0.06
2021/12/21 18:34:23,11.73,93.07,0.06
2021/12/21 18:34:55,11.72,93.20,0.06
2021/12/21 18:35:27,11.70,93.21,0.06
2021/12/21 18:36:00,11.70,93.04,0.06
2021/12/21 18:36:32,11.68,92.81,0.06
2021/12/21 18:37:04,11.66,93.36,0.06
2021/12/21 18:37:36,11.68,93.26,0.06
2021/12/21 18:38:08,11.65,93.19,0.06
2021/12/21 18:38:40,11.65,93.37,0.06
2021/12/21 18:39:13,11.63,92.99,0.06
2021/12/21 18:39:45,11.63,93.12,0.06
2021/12/21 18:40:17,11.61,93.19,0.06
2021/12/21 18:40:49,11.59,93.09,0.06
2021/12/21 18:41:21,11.61,93.20,0.06
2021/12/21 18:41:53,11.59,93.84,0.06
2021/12/21 18:42:26,11.61,93.77,0.06
2021/12/21 18:42:58,11.59,93.47,0.06
2021/12/21 18:43:30,11.58,93.60,0.06
2021/12/21 18:44:02,11.59,93.42,0.06
2021/12/21 18:44:34,11.56,93.00,0.06
2021/12/21 18:45:06,11.53,92.82,0.06
2021/12/21 18:45:39,11.53,92.74,0.06
2021/12/21 18:46:11,11.49,92.86,0.06
2021/12/21 18:46:43,11.46,93.03,0.06
2021/12/21 18:47:15,11.45,93.15,0.06
2021/12/21 18:47:47,11.43,93.42,0.06
2021/12/21 18:48:19,11.42,93.43,0.06
2021/12/21 18:48:52,11.41,93.33,0.06
2021/12/21 18:49:24,11.39,93.23,0.06
2021/12/21 18:49:56,11.38,93.22,0.06
2021/12/21 18:50:28,11.35,93.32,0.06
2021/12/21 18:51:00,11.35,93.68,0.06
2021/12/21 18:51:32,11.36,93.99,0.06
2021/12/21 18:52:05,11.35,94.03,0.06
2021/12/21 18:52:37,11.38,94.02,0.06
2021/12/21 18:53:09,11.39,94.17,0.06
2021/12/21 18:53:41,11.41,94.07,0.06
2021/12/21 18:54:13,11.45,93.98,0.06
2021/12/21 18:54:46,11.45,93.82,0.06
2021/12/21 18:55:18,11.47,93.91,0.06
2021/12/21 18:55:50,11.47,93.45,0.06
2021/12/21 18:56:22,11.49,93.41,0.06
2021/12/21 18:56:54,11.51,93.27,0.06
2021/12/21 18:57:26,11.55,93.55,0.06
2021/12/21 18:57:59,11.58,93.20,0.06
2021/12/21 18:58:31,11.61,92.68,0.06
2021/12/21 18:59:03,11.62,92.46,0.06
2021/12/21 18:59:35,11.63,92.53,0.06
2021/12/21 19:00:07,11.59,92.40,0.06
2021/12/21 19:00:39,11.61,92.46,0.06
2021/12/21 19:01:12,11.63,93.01,0.06
2021/12/21 19:01:44,11.63,93.24,0.06
2021/12/21 19:02:16,11.62,93.01,0.06
2021/12/21 19:02:48,11.63,92.67,0.06
2021/12/21 19:03:20,11.61,92.40,0.06
2021/12/21 19:03:52,11.58,92.82,0.06
2021/12/21 19:04:25,11.59,93.02,0.06
2021/12/21 19:04:57,11.59,92.77,0.06
2021/12/21 19:05:29,11.56,92.47,0.06
2021/12/21 19:06:01,11.55,93.14,0.06
2021/12/21 19:06:33,11.59,93.01,0.06
2021/12/21 19:07:05,11.56,92.59,0.06
2021/12/21 19:07:38,11.59,92.37,0.06
2021/12/21 19:08:10,11.58,92.61,0.06
2021/12/21 19:08:42,11.59,92.66,0.06
2021/12/21 19:09:14,11.58,92.91,0.06
2021/12/21 19:09:46,11.56,92.91,0.06
2021/12/21 19:10:18,11.53,92.73,0.06
2021/12/21 19:10:51,11.53,93.23,0.06
2021/12/21 19:11:23,11.51,92.92,0.06
2021/12/21 19:11:55,11.49,92.61,0.06
2021/12/21 19:12:27,11.49,92.86,0.06
2021/12/21 19:12:59,11.51,92.81,0.06
2021/12/21 19:13:31,11.51,93.39,0.06
2021/12/21 19:14:04,11.51,92.98,0.06
2021/12/21 19:14:36,11.51,93.40,0.06
2021/12/21 19:15:08,11.49,92.89,0.06
2021/12/21 19:15:40,11.47,93.29,0.06
2021/12/21 19:16:12,11.46,92.82,0.06
2021/12/21 19:16:44,11.47,93.14,0.06
2021/12/21 19:17:17,11.49,92.95,0.06
2021/12/21 19:17:49,11.46,92.64,0.06
2021/12/21 19:18:21,11.45,92.57,0.06
2021/12/21 19:18:53,11.43,93.09,0.06
2021/12/21 19:19:25,11.43,93.23,0.06
2021/12/21 19:19:57,11.45,92.96,0.06
2021/12/21 19:20:30,11.42,93.04,0.06
2021/12/21 19:21:02,11.43,93.43,0.06
2021/12/21 19:21:34,11.45,93.74,0.06
2021/12/21 19:22:06,11.45,93.72,0.06
2021/12/21 19:22:38,11.43,93.19,0.06
2021/12/21 19:23:10,11.42,93.17,0.06
2021/12/21 19:23:43,11.42,92.88,0.06
2021/12/21 19:24:15,11.41,93.10,0.06
2021/12/21 19:24:47,11.39,92.94,0.06
2021/12/21 19:25:19,11.38,93.07,0.06
2021/12/21 19:25:51,11.38,93.04,0.06
2021/12/21 19:26:23,11.36,93.17,0.06
2021/12/21 19:26:56,11.36,93.08,0.06
2021/12/21 19:27:28,11.32,93.16,0.06
2021/12/21 19:28:00,11.35,93.49,0.06
2021/12/21 19:28:32,11.35,93.72,0.06
2021/12/21 19:29:04,11.33,93.57,0.06
2021/12/21 19:29:36,11.32,93.84,0.06
2021/12/21 19:30:09,11.33,94.04,0.06
2021/12/21 19:30:41,11.33,94.26,0.06
2021/12/21 19:31:13,11.33,94.51,0.06
2021/12/21 19:31:45,11.35,94.12,0.06
2021/12/21 19:32:17,11.33,94.37,0.06
2021/12/21 19:32:50,11.38,94.40,0.06
2021/12/21 19:33:22,11.38,93.93,0.06
2021/12/21 19:33:54,11.35,93.81,0.06
2021/12/21 19:34:26,11.36,93.84,0.06
2021/12/21 19:34:58,11.35,93.49,0.06
2021/12/21 19:35:30,11.32,93.62,0.06
2021/12/21 19:36:03,11.32,93.43,0.06
2021/12/21 19:36:35,11.29,93.65,0.06
2021/12/21 19:37:07,11.29,93.45,0.06
2021/12/21 19:37:39,11.29,93.69,0.06
2021/12/21 19:38:11,11.26,93.93,0.06
2021/12/21 19:38:43,11.26,94.44,0.06
2021/12/21 19:39:16,11.28,94.51,0.06
2021/12/21 19:39:48,11.25,94.40,0.06
2021/12/21 19:40:20,11.29,94.25,0.06
2021/12/21 19:40:52,11.31,94.34,0.06
2021/12/21 19:41:24,11.28,94.54,0.06
2021/12/21 19:41:56,11.32,94.70,0.06
2021/12/21 19:42:29,11.32,94.72,0.06
2021/12/21 19:43:01,11.36,94.65,0.06
2021/12/21 19:43:33,11.38,94.41,0.06
2021/12/21 19:44:05,11.39,94.37,0.06
2021/12/21 19:44:37,11.39,94.30,0.06
2021/12/21 19:45:09,11.39,94.18,0.06
2021/12/21 19:45:42,11.45,93.99,0.06
2021/12/21 19:46:14,11.49,93.86,0.06
2021/12/21 19:46:46,11.53,93.88,0.06
2021/12/21 19:47:18,11.53,93.77,0.06
2021/12/21 19:47:50,11.55,93.29,0.06
2021/12/21 19:48:22,11.58,93.27,0.06
2021/12/21 19:48:55,11.61,93.48,0.06
2021/12/21 19:49:27,11.65,93.60,0.06
2021/12/21 19:49:59,11.70,93.04,0.06
2021/12/21 19:50:31,11.73,92.76,0.06
2021/12/21 19:51:03,11.86,91.81,0.06
2021/12/21 19:51:36,11.97,91.46,0.06
2021/12/21 19:52:08,12.01,91.34,0.06
2021/12/21 19:52:40,12.00,90.95,0.06
2021/12/21 19:53:12,12.05,91.00,0.06
2021/12/21 19:53:44,12.16,90.57,0.06
2021/12/21 19:54:16,12.21,89.66,0.06
2021/12/21 19:54:49,12.35,89.87,0.06
2021/12/21 19:55:21,12.38,89.72,0.06
2021/12/21 19:55:53,12.44,90.03,0.06
2021/12/21 19:56:25,12.44,89.71,0.06
2021/12/21 19:56:57,12.48,89.30,0.06
2021/12/21 19:57:29,12.49,90.20,0.06
2021/12/21 19:58:02,12.49,89.65,0.06
2021/12/21 19:58:34,12.45,89.92,0.06
2021/12/21 19:59:06,12.40,89.43,0.06
2021/12/21 19:59:38,12.38,89.76,0.06
2021/12/21 20:00:10,12.37,89.91,0.06
2021/12/21 20:00:42,12.34,89.84,0.06
2021/12/21 20:01:15,12.40,88.79,0.06
2021/12/21 20:01:47,12.51,89.01,0.06
2021/12/21 20:02:19,12.61,88.47,0.06
2021/12/21 20:02:51,12.68,88.09,0.06
2021/12/21 20:03:23,12.76,87.54,0.06
2021/12/21 20:03:55,12.82,88.00,0.06
2021/12/21 20:04:28,12.92,86.64,0.06
2021/12/21 20:05:00,13.03,86.05,0.06
2021/12/21 20:05:32,13.15,85.62,0.06
2021/12/21 20:06:04,13.25,85.93,0.06
2021/12/21 20:06:36,13.23,85.63,0.06
2021/12/21 20:07:09,13.20,85.84,0.06
2021/12/21 20:07:41,13.20,85.51,0.06
2021/12/21 20:08:13,13.19,86.11,0.06
2021/12/21 20:08:45,13.22,85.87,0.06
2021/12/21 20:09:17,13.17,85.75,0.06
2021/12/21 20:09:49,13.13,85.69,0.06
2021/12/21 20:10:21,13.15,85.64,0.06
2021/12/21 20:10:54,13.17,85.02,0.06
2021/12/21 20:11:26,13.23,85.30,0.06
2021/12/21 20:11:58,13.25,85.69,0.06
2021/12/21 20:12:30,13.26,86.02,0.06
2021/12/21 20:13:02,13.30,84.49,0.06
2021/12/21 20:13:35,13.36,85.33,0.06
2021/12/21 20:14:07,13.36,84.43,0.06
2021/12/21 20:14:39,13.45,83.60,0.06
2021/12/21 20:15:11,13.50,84.17,0.06
2021/12/21 20:15:43,13.49,84.55,0.06
2021/12/21 20:16:15,13.43,84.67,0.06
2021/12/21 20:16:48,13.42,84.65,0.06
2021/12/21 20:17:20,13.33,84.79,0.06
2021/12/21 20:17:52,13.29,85.21,0.06
2021/12/21 20:18:24,13.20,85.53,0.06
2021/12/21 20:18:56,13.15,84.85,0.06
2021/12/21 20:19:28,13.20,84.53,0.06
2021/12/21 20:20:01,13.22,85.43,0.06
2021/12/21 20:20:33,13.23,85.85,0.06
2021/12/21 20:21:05,13.16,86.02,0.06
2021/12/21 20:21:37,13.09,85.87,0.06
2021/12/21 20:22:09,13.02,85.32,0.06
2021/12/21 20:22:41,13.03,85.50,0.06
2021/12/21 20:23:14,13.05,86.12,0.06
2021/12/21 20:23:46,13.03,85.44,0.06
2021/12/21 20:24:18,13.15,85.11,0.06
2021/12/21 20:24:50,13.17,85.48,0.06
2021/12/21 20:25:22,13.17,85.16,0.06
2021/12/21 20:25:54,13.19,84.40,0.06
2021/12/21 20:26:27,13.25,84.47,0.06
2021/12/21 20:26:59,13.23,84.15,0.06
2021/12/21 20:27:31,13.27,84.12,0.06
2021/12/21 20:28:03,13.26,84.48,0.06
2021/12/21 20:28:35,13.20,84.76,0.06
2021/12/21 20:29:08,13.12,85.25,0.06
2021/12/21 20:29:40,13.05,85.43,0.06
2021/12/21 20:30:12,12.98,85.58,0.06
2021/12/21 20:30:44,12.94,85.69,0.06
2021/12/21 20:31:16,12.89,86.32,0.06
2021/12/21 20:31:48,12.84,86.64,0.06
2021/12/21 20:32:21,12.76,87.08,0.06
2021/12/21 20:32:53,12.68,86.86,0.06
2021/12/21 20:33:25,12.66,87.69,0.06
2021/12/21 20:33:57,12.62,87.52,0.06
2021/12/21 20:34:29,12.54,88.32,0.06
2021/12/21 20:35:01,12.49,88.09,0.06
2021/12/21 20:35:34,12.41,87.96,0.06
2021/12/21 20:36:06,12.37,89.04,0.06
2021/12/21 20:36:38,12.30,88.94,0.06
2021/12/21 20:37:10,12.27,88.62,0.06
2021/12/21 20:37:42,12.17,88.67,0.06
2021/12/21 20:38:14,12.17,89.10,0.06
2021/12/21 20:38:47,12.13,89.05,0.06
2021/12/21 20:39:19,12.12,89.42,0.06
2021/12/21 20:39:51,12.10,89.76,0.06
2021/12/21 20:40:23,12.13,89.79,0.06
2021/12/21 20:40:55,12.19,89.39,0.06
2021/12/21 20:41:27,12.19,89.48,0.06
2021/12/21 20:42:00,12.14,90.01,0.06
2021/12/21 20:42:32,12.10,90.09,0.06
2021/12/21 20:43:04,12.07,90.17,0.06
2021/12/21 20:43:36,12.04,90.74,0.06
2021/12/21 20:44:08,12.01,90.96,0.06
2021/12/21 20:44:40,12.03,91.02,0.06
2021/12/21 20:45:13,12.00,90.73,0.06
2021/12/21 20:45:45,11.94,90.86,0.06
2021/12/21 20:46:17,11.93,90.56,0.06
2021/12/21 20:46:49,11.90,90.73,0.06
2021/12/21 20:47:21,11.93,91.51,0.06
2021/12/21 20:47:53,12.00,91.24,0.06
2021/12/21 20:48:26,12.01,90.86,0.06
2021/12/21 20:48:58,12.01,90.62,0.06
2021/12/21 20:49:30,12.00,90.54,0.06
2021/12/21 20:50:02,12.01,90.81,0.06
2021/12/21 20:50:34,12.03,91.18,0.06
2021/12/21 20:51:06,12.07,91.15,0.06
2021/12/21 20:51:39,12.10,91.38,0.06
2021/12/21 20:52:11,12.08,91.11,0.06
2021/12/21 20:52:43,12.07,91.10,0.06
2021/12/21 20:53:15,12.04,91.79,0.06
2021/12/21 20:53:47,12.01,91.27,0.06
2021/12/21 20:54:19,12.00,91.48,0.06
2021/12/21 20:54:52,12.05,91.52,0.06
2021/12/21 20:55:24,12.05,91.08,0.06
2021/12/21 20:55:56,12.04,91.41,0.06
2021/12/21 20:56:28,12.01,91.51,0.06
2021/12/21 20:57:00,12.01,91.45,0.06
2021/12/21 20:57:33,11.97,91.35,0.06
2021/12/21 20:58:05,11.92,91.36,0.06
2021/12/21 20:58:37,11.90,91.57,0.06
2021/12/21 20:59:09,11.86,92.12,0.06
2021/12/21 20:59:41,11.82,92.12,0.06
2021/12/21 21:00:13,11.82,91.91,0.06
2021/12/21 21:00:46,11.79,92.04,0.06
2021/12/21 21:01:18,11.74,92.06,0.06
2021/12/21 21:01:50,11.70,92.15,0.06
2021/12/21 21:02:22,11.70,92.05,0.06
2021/12/21 21:02:54,11.66,92.18,0.06
2021/12/21 21:03:26,11.63,93.01,0.06
2021/12/21 21:03:58,11.63,93.20,0.06
2021/12/21 21:04:31,11.65,93.21,0.06
2021/12/21 21:05:03,11.62,93.07,0.06
2021/12/21 21:05:35,11.62,93.02,0.06
2021/12/21 21:06:07,11.61,93.01,0.06
2021/12/21 21:06:39,11.62,93.21,0.06
2021/12/21 21:07:11,11.62,93.28,0.06
2021/12/21 21:07:44,11.59,93.54,0.06
2021/12/21 21:08:16,11.62,93.61,0.06
2021/12/21 21:08:48,11.62,93.65,0.06
2021/12/21 21:09:20,11.61,93.49,0.06
2021/12/21 21:09:52,11.66,93.78,0.06
2021/12/21 21:10:24,11.68,93.55,0.06
2021/12/21 21:10:57,11.68,93.70,0.06
2021/12/21 21:11:29,11.70,93.86,0.06
2021/12/21 21:12:01,11.72,93.67,0.06
2021/12/21 21:12:33,11.70,93.77,0.06
2021/12/21 21:13:05,11.69,93.59,0.06
2021/12/21 21:13:37,11.73,93.71,0.06
2021/12/21 21:14:10,11.73,93.22,0.06
2021/12/21 21:14:42,11.74,93.43,0.06
2021/12/21 21:15:14,11.77,93.13,0.06
2021/12/21 21:15:46,11.77,92.99,0.06
2021/12/21 21:16:18,11.77,92.94,0.06
2021/12/21 21:16:51,11.73,92.85,0.06
2021/12/21 21:17:23,11.73,93.06,0.06
2021/12/21 21:17:55,11.70,93.67,0.06
2021/12/21 21:18:27,11.70,93.46,0.06
2021/12/21 21:18:59,11.69,93.33,0.06
2021/12/21 21:19:31,11.70,93.30,0.06
2021/12/21 21:20:04,11.70,93.84,0.06
2021/12/21 21:20:36,11.72,93.87,0.06
2021/12/21 21:21:08,11.72,93.98,0.06
2021/12/21 21:21:40,11.82,93.84,0.06
2021/12/21 21:22:12,11.90,93.41,0.06
2021/12/21 21:22:44,11.96,92.91,0.06
2021/12/21 21:23:17,11.96,92.86,0.06
2021/12/21 21:23:49,11.94,92.73,0.06
2021/12/21 21:24:21,11.93,92.61,0.06
2021/12/21 21:24:53,12.00,92.45,0.06
2021/12/21 21:25:25,12.03,92.33,0.06
2021/12/21 21:25:57,12.04,92.02,0.06
2021/12/21 21:26:30,12.01,91.92,0.06
2021/12/21 21:27:02,11.98,92.03,0.06
2021/12/21 21:27:34,11.96,92.38,0.06
2021/12/21 21:28:06,11.90,92.48,0.06
2021/12/21 21:28:38,11.84,92.71,0.06
2021/12/21 21:29:10,11.80,93.18,0.06
2021/12/21 21:29:43,11.79,92.98,0.06
2021/12/21 21:30:15,11.74,93.21,0.06
2021/12/21 21:30:47,11.72,93.21,0.06
2021/12/21 21:31:19,11.66,93.38,0.06
2021/12/21 21:31:51,11.66,93.81,0.06
2021/12/21 21:32:23,11.65,93.97,0.06
2021/12/21 21:32:56,11.65,93.86,0.06
2021/12/21 21:33:28,11.63,93.91,0.06
2021/12/21 21:34:00,11.65,93.91,0.06
2021/12/21 21:34:32,11.69,93.97,0.06
2021/12/21 21:35:04,11.68,93.96,0.06
2021/12/21 21:35:36,11.69,93.78,0.06
2021/12/21 21:36:09,11.66,93.56,0.06
2021/12/21 21:36:41,11.62,93.59,0.06
2021/12/21 21:37:13,11.62,93.77,0.06
2021/12/21 21:37:45,11.61,94.04,0.06
2021/12/21 21:38:17,11.56,94.05,0.06
2021/12/21 21:38:50,11.55,93.99,0.06
2021/12/21 21:39:22,11.52,93.98,0.06
2021/12/21 21:39:54,11.52,94.30,0.06
2021/12/21 21:40:26,11.47,94.34,0.06
2021/12/21 21:40:58,11.47,94.45,0.06
2021/12/21 21:41:30,11.46,94.70,0.06
2021/12/21 21:42:02,11.49,94.74,0.06
2021/12/21 21:42:35,11.47,94.84,0.06
2021/12/21 21:43:07,11.45,94.53,0.06
2021/12/21 21:43:39,11.46,94.31,0.06
2021/12/21 21:44:11,11.41,94.19,0.06
2021/12/21 21:44:43,11.42,94.16,0.06
2021/12/21 21:45:16,11.41,94.23,0.06
2021/12/21 21:45:48,11.38,94.04,0.06
2021/12/21 21:46:20,11.38,94.14,0.06
2021/12/21 21:46:52,11.35,94.43,0.06
2021/12/21 21:47:24,11.32,94.24,0.06
2021/12/21 21:47:56,11.32,93.98,0.06
2021/12/21 21:48:29,11.26,93.90,0.06
2021/12/21 21:49:01,11.26,93.85,0.06
2021/12/21 21:49:33,11.23,93.97,0.06
2021/12/21 21:50:05,11.22,94.05,0.06
2021/12/21 21:50:37,11.22,94.15,0.06
2021/12/21 21:51:09,11.21,94.16,0.06
2021/12/21 21:51:42,11.19,94.43,0.06
2021/12/21 21:52:14,11.18,94.33,0.06
2021/12/21 21:52:46,11.17,94.18,0.06
2021/12/21 21:53:18,11.14,94.03,0.06
2021/12/21 21:53:50,11.12,94.01,0.06
2021/12/21 21:54:22,11.11,94.20,0.06
2021/12/21 21:54:55,11.10,94.49,0.06
2021/12/21 21:55:27,11.07,94.15,0.06
2021/12/21 21:55:59,11.08,94.01,0.06
2021/12/21 21:56:31,11.05,94.00,0.06
2021/12/21 21:57:03,11.07,93.92,0.06
2021/12/21 21:57:35,11.05,93.77,0.06
2021/12/21 21:58:08,11.02,93.80,0.06
2021/12/21 21:58:40,10.98,93.93,0.06
2021/12/21 21:59:12,10.98,93.92,0.06
2021/12/21 21:59:44,11.00,93.77,0.06
2021/12/21 22:00:16,11.00,93.81,0.06
2021/12/21 22:00:48,10.97,94.02,0.06
2021/12/21 22:01:21,10.95,93.86,0.06
2021/12/21 22:01:53,10.97,93.96,0.06
2021/12/21 22:02:25,10.95,93.44,0.06
2021/12/21 22:02:57,10.95,93.33,0.06
2021/12/21 22:03:29,10.92,93.40,0.06
2021/12/21 22:04:01,10.91,93.49,0.06
2021/12/21 22:04:34,10.91,93.41,0.06
2021/12/21 22:05:06,10.88,93.52,0.06
2021/12/21 22:05:38,10.87,93.63,0.06
2021/12/21 22:06:10,10.84,93.64,0.06
2021/12/21 22:06:42,10.80,93.65,0.06
2021/12/21 22:07:14,10.81,93.48,0.06
2021/12/21 22:07:47,10.80,93.69,0.06
2021/12/21 22:08:19,10.74,93.67,0.06
2021/12/21 22:08:51,10.72,93.66,0.06
2021/12/21 22:09:23,10.74,94.03,0.06
2021/12/21 22:09:55,10.74,94.39,0.06
2021/12/21 22:10:27,10.71,94.65,0.06
2021/12/21 22:11:00,10.75,94.60,0.06
2021/12/21 22:11:32,10.72,94.52,0.06
2021/12/21 22:12:04,10.72,94.21,0.06
2021/12/21 22:12:36,10.68,94.10,0.06
2021/12/21 22:13:08,10.68,94.07,0.06
2021/12/21 22:13:40,10.67,94.18,0.06
2021/12/21 22:14:13,10.67,94.32,0.06
2021/12/21 22:14:45,10.68,94.49,0.06
2021/12/21 22:15:17,10.68,94.57,0.06
2021/12/21 22:15:49,10.70,94.79,0.06
2021/12/21 22:16:21,10.68,94.67,0.06
2021/12/21 22:16:53,10.71,94.52,0.06
2021/12/21 22:17:26,10.71,94.25,0.06
2021/12/21 22:17:58,10.68,93.97,0.06
2021/12/21 22:18:30,10.67,93.70,0.06
2021/12/21 22:19:02,10.70,93.72,0.06
2021/12/21 22:19:34,10.64,93.81,0.06
2021/12/21 22:20:06,10.64,93.96,0.06
2021/12/21 22:20:39,10.61,94.20,0.06
2021/12/21 22:21:11,10.60,94.23,0.06
2021/12/21 22:21:43,10.59,93.99,0.06
2021/12/21 22:22:15,10.59,94.24,0.06
2021/12/21 22:22:47,10.59,93.84,0.06
2021/12/21 22:23:20,10.56,93.75,0.06
2021/12/21 22:23:52,10.57,93.68,0.06
2021/12/21 22:24:24,10.57,93.71,0.06
2021/12/21 22:24:56,10.59,93.44,0.06
2021/12/21 22:25:28,10.56,93.21,0.06
2021/12/21 22:26:00,10.56,93.08,0.06
2021/12/21 22:26:33,10.57,93.10,0.06
2021/12/21 22:27:05,10.53,93.23,0.06
2021/12/21 22:27:37,10.57,94.12,0.06
2021/12/21 22:28:09,10.60,94.25,0.06
2021/12/21 22:28:41,10.56,93.97,0.06
2021/12/21 22:29:13,10.56,93.77,0.06
2021/12/21 22:29:46,10.57,93.42,0.06
2021/12/21 22:30:18,10.57,93.15,0.06
2021/12/21 22:30:50,10.57,92.80,0.06
2021/12/21 22:31:22,10.59,93.50,0.06
2021/12/21 22:31:54,10.53,93.28,0.06
2021/12/21 22:32:26,10.56,93.97,0.06
2021/12/21 22:32:59,10.57,93.68,0.06
2021/12/21 22:33:31,10.56,93.80,0.06
2021/12/21 22:34:03,10.54,93.35,0.06
2021/12/21 22:34:35,10.54,92.99,0.06
2021/12/21 22:35:07,10.56,92.99,0.06
2021/12/21 22:35:39,10.51,92.87,0.06
2021/12/21 22:36:12,10.51,92.89,0.06
2021/12/21 22:36:44,10.51,93.35,0.06
2021/12/21 22:37:16,10.51,94.13,0.06
2021/12/21 22:37:48,10.51,94.31,0.06
2021/12/21 22:38:20,10.51,93.86,0.06
2021/12/21 22:38:52,10.50,93.38,0.06
2021/12/21 22:39:25,10.49,93.40,0.06
2021/12/21 22:39:57,10.47,93.35,0.06
2021/12/21 22:40:29,10.46,93.58,0.06
2021/12/21 22:41:01,10.43,93.58,0.06
2021/12/21 22:41:33,10.44,93.52,0.06
2021/12/21 22:42:05,10.40,93.95,0.06
2021/12/21 22:42:38,10.40,93.53,0.06
2021/12/21 22:43:10,10.39,93.80,0.06
2021/12/21 22:43:42,10.39,93.85,0.06
2021/12/21 22:44:14,10.37,94.20,0.06
2021/12/21 22:44:46,10.35,93.79,0.06
2021/12/21 22:45:19,10.32,93.71,0.06
2021/12/21 22:45:51,10.33,93.83,0.06
2021/12/21 22:46:23,10.30,94.06,0.06
2021/12/21 22:46:55,10.32,94.43,0.06
2021/12/21 22:47:27,10.33,94.79,0.06
2021/12/21 22:47:59,10.35,94.75,0.06
2021/12/21 22:48:32,10.33,94.57,0.06
2021/12/21 22:49:04,10.33,94.26,0.06
2021/12/21 22:49:36,10.36,94.32,0.06
2021/12/21 22:50:08,10.36,94.53,0.06
2021/12/21 22:50:40,10.37,94.37,0.06
2021/12/21 22:51:12,10.35,93.97,0.06
2021/12/21 22:51:45,10.33,93.70,0.06
2021/12/21 22:52:17,10.33,94.01,0.06
2021/12/21 22:52:49,10.30,94.63,0.06
2021/12/21 22:53:21,10.29,94.17,0.06
2021/12/21 22:53:53,10.27,93.75,0.06
2021/12/21 22:54:25,10.24,93.51,0.06
2021/12/21 22:54:58,10.24,93.42,0.06
2021/12/21 22:55:30,10.23,93.36,0.06
2021/12/21 22:56:02,10.20,93.37,0.06
2021/12/21 22:56:34,10.21,93.41,0.06
2021/12/21 22:57:06,10.19,93.57,0.06
2021/12/21 22:57:38,10.20,93.86,0.06
2021/12/21 22:58:11,10.21,94.00,0.06
2021/12/21 22:58:43,10.19,93.04,0.06
2021/12/21 22:59:15,10.20,92.86,0.06
2021/12/21 22:59:47,10.20,93.15,0.06
2021/12/21 23:00:19,10.19,92.81,0.06
2021/12/21 23:00:51,10.20,92.54,0.06
2021/12/21 23:01:24,10.20,92.31,0.06
2021/12/21 23:01:56,10.19,92.15,0.06
2021/12/21 23:02:28,10.20,91.88,0.06
2021/12/21 23:03:00,10.19,91.55,0.06
2021/12/21 23:03:32,10.19,91.69,0.06
2021/12/21 23:04:05,10.19,92.67,0.06
2021/12/21 23:04:37,10.17,92.36,0.06
2021/12/21 23:05:09,10.17,93.07,0.06
2021/12/21 23:05:41,10.19,93.44,0.06
2021/12/21 23:06:13,10.17,93.01,0.06
2021/12/21 23:06:45,10.20,93.10,0.06
2021/12/21 23:07:18,10.19,92.94,0.06
2021/12/21 23:07:50,10.17,92.26,0.06
2021/12/21 23:08:22,10.19,91.78,0.06
2021/12/21 23:08:54,10.19,92.36,0.06
2021/12/21 23:09:26,10.16,91.88,0.06
2021/12/21 23:09:58,10.14,91.23,0.06
2021/12/21 23:10:31,10.12,91.12,0.06
2021/12/21 23:11:03,10.12,91.54,0.06
2021/12/21 23:11:35,10.10,91.89,0.06
2021/12/21 23:12:07,10.10,91.71,0.06
2021/12/21 23:12:39,10.13,91.70,0.13
2021/12/21 23:13:11,10.10,91.81,0.06
2021/12/21 23:13:44,10.13,92.37,0.13
2021/12/21 23:14:16,10.13,92.96,0.13
2021/12/21 23:14:48,10.13,92.45,0.13
2021/12/21 23:15:20,10.10,92.68,0.13
2021/12/21 23:15:52,10.08,92.46,0.13
2021/12/21 23:16:25,10.06,92.22,0.13
2021/12/21 23:16:57,10.06,92.83,0.13
2021/12/21 23:17:29,10.02,92.65,0.13
2021/12/21 23:18:01,10.02,92.23,0.13
2021/12/21 23:18:33,10.08,92.50,0.13
2021/12/21 23:19:05,10.02,92.57,0.13
2021/12/21 23:19:38,10.02,92.64,0.13
2021/12/21 23:20:10,10.05,92.81,0.13
2021/12/21 23:20:42,10.05,92.58,0.13
2021/12/21 23:21:14,10.06,92.46,0.13
2021/12/21 23:21:46,10.02,92.13,0.13
2021/12/21 23:22:18,10.03,92.34,0.13
2021/12/21 23:22:51,10.03,92.25,0.13
2021/12/21 23:23:23,10.02,92.58,0.13
2021/12/21 23:23:55,10.02,93.23,0.13
2021/12/21 23:24:27,10.00,93.77,0.13
2021/12/21 23:24:59,9.98,93.48,0.13
2021/12/21 23:25:31,9.99,93.57,0.13
2021/12/21 23:26:04,9.99,93.43,0.13
2021/12/21 23:26:36,10.00,93.88,0.13
2021/12/21 23:27:08,10.02,94.24,0.13
2021/12/21 23:27:40,10.05,94.87,0.13
2021/12/21 23:28:12,10.05,94.65,0.13
2021/12/21 23:28:44,10.03,94.34,0.13
2021/12/21 23:29:17,10.06,94.51,0.13
2021/12/21 23:29:49,10.08,94.44,0.13
2021/12/21 23:30:21,10.09,94.25,0.13
2021/12/21 23:30:53,10.08,94.53,0.13
2021/12/21 23:31:25,10.10,94.38,0.13
2021/12/21 23:31:57,10.08,94.52,0.13
2021/12/21 23:32:30,10.09,94.90,0.13
2021/12/21 23:33:02,10.09,94.81,0.13
2021/12/21 23:33:34,10.09,95.02,0.13
2021/12/21 23:34:06,10.10,94.71,0.13
2021/12/21 23:34:38,10.08,94.55,0.13
2021/12/21 23:35:10,10.09,94.70,0.13
2021/12/21 23:35:43,10.09,94.35,0.13
2021/12/21 23:36:15,10.08,94.12,0.13
2021/12/21 23:36:47,10.09,94.42,0.13
2021/12/21 23:37:19,10.08,94.44,0.13
2021/12/21 23:37:51,10.10,95.01,0.13
2021/12/21 23:38:23,10.12,94.94,0.13
2021/12/21 23:38:56,10.13,94.90,0.13
2021/12/21 23:39:28,10.12,94.66,0.13
2021/12/21 23:40:00,10.12,94.39,0.13
2021/12/21 23:40:32,10.12,94.13,0.13
2021/12/21 23:41:04,10.10,94.24,0.13
2021/12/21 23:41:37,10.09,94.42,0.13
2021/12/21 23:42:09,10.08,94.48,0.13
2021/12/21 23:42:41,10.06,94.38,0.13
2021/12/21 23:43:13,10.09,94.39,0.13
2021/12/21 23:43:45,10.08,94.50,0.13
2021/12/21 23:44:17,10.08,94.29,0.13
2021/12/21 23:44:50,10.06,94.22,0.13
2021/12/21 23:45:22,10.08,94.32,0.13
2021/12/21 23:45:54,10.09,94.93,0.13
2021/12/21 23:46:26,10.08,94.61,0.13
2021/12/21 23:46:58,10.09,94.37,0.13
2021/12/21 23:47:30,10.06,94.50,0.13
2021/12/21 23:48:03,10.09,94.24,0.13
2021/12/21 23:48:35,10.09,94.13,0.13
2021/12/21 23:49:07,10.06,93.86,0.13
2021/12/21 23:49:39,10.06,94.13,0.13
2021/12/21 23:50:11,10.03,94.08,0.13
2021/12/21 23:50:43,10.05,93.98,0.13
2021/12/21 23:51:16,10.03,94.20,0.13
2021/12/21 23:51:48,10.02,93.96,0.13
2021/12/21 23:52:20,10.00,94.22,0.13
2021/12/21 23:52:52,10.00,94.06,0.13
2021/12/21 23:53:24,9.99,94.16,0.13
2021/12/21 23:53:56,10.00,94.02,0.13
2021/12/21 23:54:29,10.00,94.05,0.13
2021/12/21 23:55:01,9.99,94.38,0.13
2021/12/21 23:55:33,9.96,94.43,0.13
2021/12/21 23:56:05,9.99,94.54,0.13
2021/12/21 23:56:37,9.98,94.58,0.13
2021/12/21 23:57:09,9.99,94.55,0.13
2021/12/21 23:57:42,9.99,94.42,0.13
2021/12/21 23:58:14,9.96,94.62,0.13
2021/12/21 23:58:46,9.98,94.50,0.13
2021/12/21 23:59:18,9.98,94.46,0.13
2021/12/21 23:59:50,9.93,94.34,0.13
